classes;date;eleve_id
6A;2023-10-05;XsU1KdAl5QgIx_di3xx-djOl3aLVTf7t7Gj2AvygRkc
6B;2024-03-26;ww8mP6wci6pu9RRqK6lcvQQHXgUF0D3t8YtsbDWAEcQ
6B;2024-04-15;ww8mP6wci6pu9RRqK6lcvQQHXgUF0D3t8YtsbDWAEcQ
6B;2024-04-16;ww8mP6wci6pu9RRqK6lcvQQHXgUF0D3t8YtsbDWAEcQ
6B;2024-04-17;ww8mP6wci6pu9RRqK6lcvQQHXgUF0D3t8YtsbDWAEcQ
2A;2023-09-20;vd8LcO0A9RyLfTqAW9YSqfwGdKPahdZeTasrJgOoR-s
2A;2023-09-21;vd8LcO0A9RyLfTqAW9YSqfwGdKPahdZeTasrJgOoR-s
2A;2023-09-27;vd8LcO0A9RyLfTqAW9YSqfwGdKPahdZeTasrJgOoR-s
2A;2023-10-05;vd8LcO0A9RyLfTqAW9YSqfwGdKPahdZeTasrJgOoR-s
2A;2023-10-06;vd8LcO0A9RyLfTqAW9YSqfwGdKPahdZeTasrJgOoR-s
2A;2023-10-09;vd8LcO0A9RyLfTqAW9YSqfwGdKPahdZeTasrJgOoR-s
2A;2023-10-10;vd8LcO0A9RyLfTqAW9YSqfwGdKPahdZeTasrJgOoR-s
2A;2023-12-05;vd8LcO0A9RyLfTqAW9YSqfwGdKPahdZeTasrJgOoR-s
1B/C;2024-03-28;WS4WDhmqO5Qcb0LibUmX64_gzrBx85uRjceQHJarop4
2A;2024-04-23;yCIAkn6YiEr9R-QONCxcgAf2_yIROwyHfepoHzzaW34
2A;2024-04-24;yCIAkn6YiEr9R-QONCxcgAf2_yIROwyHfepoHzzaW34
2A;2024-04-25;yCIAkn6YiEr9R-QONCxcgAf2_yIROwyHfepoHzzaW34
2A;2024-04-26;yCIAkn6YiEr9R-QONCxcgAf2_yIROwyHfepoHzzaW34
4A;2024-03-22;9aboz2vSFuXu8Y-fCFsCb5kO1x4Vtgj6PAGNqKiVG8A
4A;2024-04-22;9aboz2vSFuXu8Y-fCFsCb5kO1x4Vtgj6PAGNqKiVG8A
4A;2024-04-23;9aboz2vSFuXu8Y-fCFsCb5kO1x4Vtgj6PAGNqKiVG8A
3B;2024-03-29;YTJheOHtAHigtQ0-xd84VTg-Uw4cr38Gpl4zxEwoZF8
3B;2024-04-09;YTJheOHtAHigtQ0-xd84VTg-Uw4cr38Gpl4zxEwoZF8
5C;2023-12-19;lACVxPUlyoyJlKmJHYGXlF02Gw_rtaJPWFCdlMg0QVQ
5C;2024-01-25;lACVxPUlyoyJlKmJHYGXlF02Gw_rtaJPWFCdlMg0QVQ
5C;2024-01-26;lACVxPUlyoyJlKmJHYGXlF02Gw_rtaJPWFCdlMg0QVQ
5C;2024-03-29;lACVxPUlyoyJlKmJHYGXlF02Gw_rtaJPWFCdlMg0QVQ
6A;2024-03-12;sS0xp35dB4R0oCpR6MKfzqqgvkKWgwXtYKICYYuZmWM
5A;2024-04-09;DA3lFXuYQCYoNE-0rWpXUg5UnTFsd-Tgm-HBtpd-s9k
5C;2024-01-25;1Iajm6QBIbny62jjeJtVQ-AWwdHA-VXyv9bC_B0boVE
5C;2024-01-26;1Iajm6QBIbny62jjeJtVQ-AWwdHA-VXyv9bC_B0boVE
6C;2024-03-26;geP3dvwhju2coxz95QgJAYrnucPl30Vk_ET6eul_Nog
1B/C;2024-01-19;Wcv-LGZa8cjaMN8Qs1fgAw91nICobomNCcag577rDCI
1B/C;2024-02-02;Wcv-LGZa8cjaMN8Qs1fgAw91nICobomNCcag577rDCI
1B/C;2024-02-12;Wcv-LGZa8cjaMN8Qs1fgAw91nICobomNCcag577rDCI
1B/C;2024-02-19;Wcv-LGZa8cjaMN8Qs1fgAw91nICobomNCcag577rDCI
1B/C;2024-04-16;Wcv-LGZa8cjaMN8Qs1fgAw91nICobomNCcag577rDCI
1B/C;2024-04-17;Wcv-LGZa8cjaMN8Qs1fgAw91nICobomNCcag577rDCI
1B/C;2024-04-18;Wcv-LGZa8cjaMN8Qs1fgAw91nICobomNCcag577rDCI
6B;2023-10-05;vHiKJedL8UWFCxEoClr0ZZmAs_UYz1-IXecIBRQoTFg
6B;2023-10-06;vHiKJedL8UWFCxEoClr0ZZmAs_UYz1-IXecIBRQoTFg
6B;2023-12-04;vHiKJedL8UWFCxEoClr0ZZmAs_UYz1-IXecIBRQoTFg
6B;2024-01-30;vHiKJedL8UWFCxEoClr0ZZmAs_UYz1-IXecIBRQoTFg
6B;2024-02-02;vHiKJedL8UWFCxEoClr0ZZmAs_UYz1-IXecIBRQoTFg
6B;2024-03-29;vHiKJedL8UWFCxEoClr0ZZmAs_UYz1-IXecIBRQoTFg
6B;2024-05-30;vHiKJedL8UWFCxEoClr0ZZmAs_UYz1-IXecIBRQoTFg
4A;2024-02-01;tPttCr4FdfOwDWhWFi2ScH154wk2iSBdx6Eqj6z2pRI
4C;2024-04-02;tPttCr4FdfOwDWhWFi2ScH154wk2iSBdx6Eqj6z2pRI
4C;2024-04-03;tPttCr4FdfOwDWhWFi2ScH154wk2iSBdx6Eqj6z2pRI
4C;2024-06-04;tPttCr4FdfOwDWhWFi2ScH154wk2iSBdx6Eqj6z2pRI
1A;2023-12-20;Jmb2Zp7OzViHfStfxbPZejJQGwNhalrYDPUL9ackCNk
1A;2024-03-26;Jmb2Zp7OzViHfStfxbPZejJQGwNhalrYDPUL9ackCNk
1A;2024-03-26;g34-PymcwTHigMQA-tcOWM7lTXmazA41KO7I5TfRLS4
2B;2024-01-18;DBfFcnxeAIGO6dvZxYyGsnZkC4qKkVNaaOkHgowGfSk
2B;2024-03-26;DBfFcnxeAIGO6dvZxYyGsnZkC4qKkVNaaOkHgowGfSk
1A;2023-12-15;L4QL8ltgetnUp0hCH1kvkkOXLhS4gL5w0theSjYVYc4
6A;2023-10-05;qgwfXNdiOgmo6UyG6fT7cI7fJ1wUo69HgjuIZWAqXmU
6B;2023-10-05;kpWZEFB3rSR5WcZsr20XHb1xKtRFde52qg2fgUF24yI
6B;2023-10-06;kpWZEFB3rSR5WcZsr20XHb1xKtRFde52qg2fgUF24yI
6B;2023-12-06;kpWZEFB3rSR5WcZsr20XHb1xKtRFde52qg2fgUF24yI
6B;2023-12-07;kpWZEFB3rSR5WcZsr20XHb1xKtRFde52qg2fgUF24yI
4C;2023-11-10;U_KBw26ilo4hlUmBWlNj4EgLPJByacHZpoGKc2wPMJU
4C;2023-11-13;U_KBw26ilo4hlUmBWlNj4EgLPJByacHZpoGKc2wPMJU
4C;2024-01-25;U_KBw26ilo4hlUmBWlNj4EgLPJByacHZpoGKc2wPMJU
4C;2024-04-26;U_KBw26ilo4hlUmBWlNj4EgLPJByacHZpoGKc2wPMJU
3B;2024-03-26;suNdCZ3D03WYe0rNab81_oBDhE4Ds2-9AhnwrHuCb3Y
2B;2024-03-26;vW_M2cj2HsKw75JdCYmu1dTpDXoFcfwug4d4zcOUVSw
2B;2024-03-29;vW_M2cj2HsKw75JdCYmu1dTpDXoFcfwug4d4zcOUVSw
2B;2024-04-23;vW_M2cj2HsKw75JdCYmu1dTpDXoFcfwug4d4zcOUVSw
2B;2024-04-24;vW_M2cj2HsKw75JdCYmu1dTpDXoFcfwug4d4zcOUVSw
2B;2024-04-25;vW_M2cj2HsKw75JdCYmu1dTpDXoFcfwug4d4zcOUVSw
2B;2024-04-26;vW_M2cj2HsKw75JdCYmu1dTpDXoFcfwug4d4zcOUVSw
2B;2024-05-17;vW_M2cj2HsKw75JdCYmu1dTpDXoFcfwug4d4zcOUVSw
6A;2023-09-19;14KToI0tyl8jO9tTPSB_Nl4BnLEW_8rkNX7g0JbhtXA
6A;2023-09-21;14KToI0tyl8jO9tTPSB_Nl4BnLEW_8rkNX7g0JbhtXA
6A;2023-09-22;14KToI0tyl8jO9tTPSB_Nl4BnLEW_8rkNX7g0JbhtXA
6A;2023-10-05;14KToI0tyl8jO9tTPSB_Nl4BnLEW_8rkNX7g0JbhtXA
6A;2024-03-26;14KToI0tyl8jO9tTPSB_Nl4BnLEW_8rkNX7g0JbhtXA
6B;2024-01-22;pnOYSPGqDnfTkQybynIme0aPiD7XUtwfGe8_Cr3RsiQ
6B;2024-01-30;pnOYSPGqDnfTkQybynIme0aPiD7XUtwfGe8_Cr3RsiQ
6B;2024-03-25;pnOYSPGqDnfTkQybynIme0aPiD7XUtwfGe8_Cr3RsiQ
6B;2024-06-24;pnOYSPGqDnfTkQybynIme0aPiD7XUtwfGe8_Cr3RsiQ
3A;2023-09-05;D5G7KYQ3HwW0OFAlkkm-NU8nmb237DheDYkml1V4-ro
3A;2023-11-30;D5G7KYQ3HwW0OFAlkkm-NU8nmb237DheDYkml1V4-ro
3A;2024-04-22;D5G7KYQ3HwW0OFAlkkm-NU8nmb237DheDYkml1V4-ro
5B;2024-01-25;2Tm1cjBumw-ZdqAM4a59ijnW-1oGsIaTZGsZWfJW-DI
5B;2024-01-26;2Tm1cjBumw-ZdqAM4a59ijnW-1oGsIaTZGsZWfJW-DI
1B/C;2024-05-20;lNEJ5a05KaUVUoLSYuMlQPkOfjII_JkqOjvBm4EPRr8
2A;2024-03-26;M_jP9RdLEO2IebxVaa0FarH0S6G_V4285Eekfi8KF8c
5B;2023-10-16;Uy6e4GUVxQgWxrJjiUA73GVuFtpzq7j1qtv0e8-gxXs
5B;2024-01-25;Uy6e4GUVxQgWxrJjiUA73GVuFtpzq7j1qtv0e8-gxXs
5B;2024-01-26;Uy6e4GUVxQgWxrJjiUA73GVuFtpzq7j1qtv0e8-gxXs
5B;2024-03-26;Uy6e4GUVxQgWxrJjiUA73GVuFtpzq7j1qtv0e8-gxXs
5B;2024-03-29;Uy6e4GUVxQgWxrJjiUA73GVuFtpzq7j1qtv0e8-gxXs
5A;2023-11-13;EQ-frbuXUubU0pa_LkVPT8CLIaPTJQMRnbBoIOyeUI0
5A;2023-11-14;EQ-frbuXUubU0pa_LkVPT8CLIaPTJQMRnbBoIOyeUI0
5A;2024-02-13;EQ-frbuXUubU0pa_LkVPT8CLIaPTJQMRnbBoIOyeUI0
5A;2024-02-16;EQ-frbuXUubU0pa_LkVPT8CLIaPTJQMRnbBoIOyeUI0
5A;2024-03-14;EQ-frbuXUubU0pa_LkVPT8CLIaPTJQMRnbBoIOyeUI0
5A;2024-03-15;EQ-frbuXUubU0pa_LkVPT8CLIaPTJQMRnbBoIOyeUI0
5A;2024-04-09;EQ-frbuXUubU0pa_LkVPT8CLIaPTJQMRnbBoIOyeUI0
5A;2024-05-30;EQ-frbuXUubU0pa_LkVPT8CLIaPTJQMRnbBoIOyeUI0
5A;2024-05-31;EQ-frbuXUubU0pa_LkVPT8CLIaPTJQMRnbBoIOyeUI0
Terminale;2024-05-13;cgNR-1My2greON5hP6rjr3twfqcuGwyHAPntVI1wVWk
Terminale;2024-05-14;cgNR-1My2greON5hP6rjr3twfqcuGwyHAPntVI1wVWk
4A;2024-02-01;NhVdB1aqNnGMlkG2_R0da8ckxxHOwY4szx4A9c-g4TQ
4A;2024-03-14;NhVdB1aqNnGMlkG2_R0da8ckxxHOwY4szx4A9c-g4TQ
2C;2024-04-23;2keK1kYJilcgb72YqeQNU4Xk3jAIzOpqThOyEhB-5vs
2C;2024-04-24;2keK1kYJilcgb72YqeQNU4Xk3jAIzOpqThOyEhB-5vs
2C;2024-04-25;2keK1kYJilcgb72YqeQNU4Xk3jAIzOpqThOyEhB-5vs
2C;2024-04-26;2keK1kYJilcgb72YqeQNU4Xk3jAIzOpqThOyEhB-5vs
Terminale;2024-03-20;K_4OKrHF9AfIMW8Aktha0ti5S2jIhYzJ-KfEzVm1sGw
6B;2023-10-05;WnWdReOT0ATRFwAZDTjHUjtgqMLuQPG5FFp3dm-tcGQ
6B;2023-10-06;WnWdReOT0ATRFwAZDTjHUjtgqMLuQPG5FFp3dm-tcGQ
1B/C;2024-05-17;rCQ6CzAbLrwDryL5-vw_7QXkLT1qK4ujF3zrOsgU3fE
2A;2023-09-25;YFveXouAAW4ybJ3DHojjdzi--DbKgFGYyv3TKm7b5Y4
2A;2024-03-26;YFveXouAAW4ybJ3DHojjdzi--DbKgFGYyv3TKm7b5Y4
2A;2024-05-17;YFveXouAAW4ybJ3DHojjdzi--DbKgFGYyv3TKm7b5Y4
2A;2024-05-31;YFveXouAAW4ybJ3DHojjdzi--DbKgFGYyv3TKm7b5Y4
6B;2023-09-25;E7_V-gkjlXYUizA14hKYZ2ps6R0jcAb0B7NzyRFxXtM
2B;2024-04-23;QoHj7t0BrPEr5cfr_rnnpjKm1k0HTw1JVHiiXB0okfw
2B;2024-04-24;QoHj7t0BrPEr5cfr_rnnpjKm1k0HTw1JVHiiXB0okfw
2B;2024-04-25;QoHj7t0BrPEr5cfr_rnnpjKm1k0HTw1JVHiiXB0okfw
2B;2024-04-26;QoHj7t0BrPEr5cfr_rnnpjKm1k0HTw1JVHiiXB0okfw
5A;2023-11-30;2AfnzR7r-O3GWRcsn0qPnFH-Hg4yK8PjDlJCVmv2OsA
5A;2024-02-02;2AfnzR7r-O3GWRcsn0qPnFH-Hg4yK8PjDlJCVmv2OsA
6B;2023-10-05;IcqdYEL3ahX4Stvd0FBqgannscXHWA9UZkYtBf94q8I
6B;2023-10-06;IcqdYEL3ahX4Stvd0FBqgannscXHWA9UZkYtBf94q8I
2C;2024-03-26;RUUGxfydynOS74kOqwrHPtv-D5BNg10NgFG30ajFlE4
3A;2023-11-24;f7ivCKQZ7_UW9R1nnW5Xn05qiTtpZmUC7ywgA27iy18
3A;2024-01-26;f7ivCKQZ7_UW9R1nnW5Xn05qiTtpZmUC7ywgA27iy18
1B/C;2024-02-12;bAlHwRB6EDjZiRPueOs17faIQojKM6p58P343Kb-ev0
1B/C;2024-02-13;bAlHwRB6EDjZiRPueOs17faIQojKM6p58P343Kb-ev0
1B/C;2024-03-26;bAlHwRB6EDjZiRPueOs17faIQojKM6p58P343Kb-ev0
4B;2024-02-16;xYXcW5K9kFaoGy8baVocvEJRJhk_HujWW_7lgzNl1f4
4B;2024-02-19;xYXcW5K9kFaoGy8baVocvEJRJhk_HujWW_7lgzNl1f4
4B;2024-04-19;xYXcW5K9kFaoGy8baVocvEJRJhk_HujWW_7lgzNl1f4
4B;2024-04-22;xYXcW5K9kFaoGy8baVocvEJRJhk_HujWW_7lgzNl1f4
4B;2024-06-07;xYXcW5K9kFaoGy8baVocvEJRJhk_HujWW_7lgzNl1f4
5B;2024-01-25;LlOmyhKkbVI8ZkklpJ98gfOfOJobnZZmOQcSmXUOJW4
5B;2024-01-26;LlOmyhKkbVI8ZkklpJ98gfOfOJobnZZmOQcSmXUOJW4
5B;2024-02-16;LlOmyhKkbVI8ZkklpJ98gfOfOJobnZZmOQcSmXUOJW4
5B;2024-02-19;LlOmyhKkbVI8ZkklpJ98gfOfOJobnZZmOQcSmXUOJW4
5B;2024-06-07;LlOmyhKkbVI8ZkklpJ98gfOfOJobnZZmOQcSmXUOJW4
6B;2023-10-05;xzienFJHJ_npw8jUqi9s8l6NZlMXfhQAe_BRmIgg5mQ
6B;2023-10-06;xzienFJHJ_npw8jUqi9s8l6NZlMXfhQAe_BRmIgg5mQ
6B;2023-12-14;xzienFJHJ_npw8jUqi9s8l6NZlMXfhQAe_BRmIgg5mQ
5C;2024-01-25;U1UmtU4TW0FoLZSh9w6VnKzrfCIE3zPcKwkND8X2NHM
5C;2024-01-26;U1UmtU4TW0FoLZSh9w6VnKzrfCIE3zPcKwkND8X2NHM
1B/C;2024-03-26;BsF57gSEcGBn6ZJO_JgaqlhoipWo41hjAZcc1VpllVQ
1B/C;2024-05-23;BsF57gSEcGBn6ZJO_JgaqlhoipWo41hjAZcc1VpllVQ
4A;2023-12-04;3hF9OhdIsfS9HdULGIca2HLmt_UGkIwIe76vVDsYS74
4A;2023-12-05;3hF9OhdIsfS9HdULGIca2HLmt_UGkIwIe76vVDsYS74
5A;2024-01-25;j2bh2ZNs7WW1MYGF0CActQsPYPopNSPPKALgLgP3KIo
5A;2024-01-26;j2bh2ZNs7WW1MYGF0CActQsPYPopNSPPKALgLgP3KIo
5A;2024-03-26;j2bh2ZNs7WW1MYGF0CActQsPYPopNSPPKALgLgP3KIo
4B;2023-09-12;WWbZcG6MgN8SMh5rJ-mNVz1OWHJIMnV3MUqVWcQ57A0
4B;2024-04-22;WWbZcG6MgN8SMh5rJ-mNVz1OWHJIMnV3MUqVWcQ57A0
4B;2024-04-23;WWbZcG6MgN8SMh5rJ-mNVz1OWHJIMnV3MUqVWcQ57A0
1B/C;2024-01-25;y5BzawHlNZq_H7zcguz5D52uWICkndScpadG-g73Aeg
1B/C;2024-02-16;y5BzawHlNZq_H7zcguz5D52uWICkndScpadG-g73Aeg
1B/C;2024-03-26;y5BzawHlNZq_H7zcguz5D52uWICkndScpadG-g73Aeg
1B/C;2024-05-17;y5BzawHlNZq_H7zcguz5D52uWICkndScpadG-g73Aeg
5C;2023-11-23;mUyww1TFvE21gEAlCJwaf49eYKknyLcWQXva870dF8E
5C;2023-11-24;mUyww1TFvE21gEAlCJwaf49eYKknyLcWQXva870dF8E
5C;2024-01-25;mUyww1TFvE21gEAlCJwaf49eYKknyLcWQXva870dF8E
5C;2024-01-26;mUyww1TFvE21gEAlCJwaf49eYKknyLcWQXva870dF8E
5C;2024-02-08;mUyww1TFvE21gEAlCJwaf49eYKknyLcWQXva870dF8E
5C;2024-04-22;mUyww1TFvE21gEAlCJwaf49eYKknyLcWQXva870dF8E
5C;2024-04-23;mUyww1TFvE21gEAlCJwaf49eYKknyLcWQXva870dF8E
3B;2023-11-24;zXXmQcjcC45dpYKPlwsCtP6NtS3gTwdkmC3pZUtXaJM
Terminale;2024-02-09;662vBo-rvekXfCCWaKeIwM5z7HOPj_aI54i0gBes-ZU
6B;2023-10-05;PygpTCbtBVCVCce-d33bRKh1AzQsZkuIkinf_ZoitYE
6B;2023-10-06;PygpTCbtBVCVCce-d33bRKh1AzQsZkuIkinf_ZoitYE
6A;2023-10-05;oL5SlOR074xMfGq9Idm2nX384s-kOI8f-sDCWaWcse8
2B;2024-02-23;CXfor_oxj-6dL0rWhRaQMZjxi-NUALh6Xce9WNuh9Ug
5A;2023-11-27;LGsc1eEyH3qvTvADBOgd54vPVtZpjzy8gfgvLacNO8A
5A;2023-11-30;LGsc1eEyH3qvTvADBOgd54vPVtZpjzy8gfgvLacNO8A
5A;2024-01-25;LGsc1eEyH3qvTvADBOgd54vPVtZpjzy8gfgvLacNO8A
5A;2024-01-26;LGsc1eEyH3qvTvADBOgd54vPVtZpjzy8gfgvLacNO8A
5A;2024-01-29;LGsc1eEyH3qvTvADBOgd54vPVtZpjzy8gfgvLacNO8A
5A;2024-04-16;LGsc1eEyH3qvTvADBOgd54vPVtZpjzy8gfgvLacNO8A
6C;2023-12-19;DesO1lPd74V-SDIkgiJ0hvGzW36KrDEzZCkNbOymS5A
6C;2024-02-09;DesO1lPd74V-SDIkgiJ0hvGzW36KrDEzZCkNbOymS5A
6C;2024-03-26;DesO1lPd74V-SDIkgiJ0hvGzW36KrDEzZCkNbOymS5A
6B;2023-10-05;gQhQljxYGtYVlEUF_MBVfeGdt4w-RFwV98XW0A-allw
6B;2023-10-06;gQhQljxYGtYVlEUF_MBVfeGdt4w-RFwV98XW0A-allw
6B;2024-04-16;gQhQljxYGtYVlEUF_MBVfeGdt4w-RFwV98XW0A-allw
4A;2023-12-19;r7z2Izf_2Thsz9LSU-roKmTvNBjDBGzQU99ihITiBVg
4A;2024-02-19;r7z2Izf_2Thsz9LSU-roKmTvNBjDBGzQU99ihITiBVg
4A;2024-02-23;r7z2Izf_2Thsz9LSU-roKmTvNBjDBGzQU99ihITiBVg
5C;2024-01-25;vgktOXKdsURaj77CzFYgHnCcawC52PUHEIUqE7AJiUM
5C;2024-01-26;vgktOXKdsURaj77CzFYgHnCcawC52PUHEIUqE7AJiUM
5C;2024-03-28;vgktOXKdsURaj77CzFYgHnCcawC52PUHEIUqE7AJiUM
5C;2024-04-18;vgktOXKdsURaj77CzFYgHnCcawC52PUHEIUqE7AJiUM
2B;2023-11-17;yMQxub6_8rBd1cYXnIrCwNUkEF6ZLbeNR9Hnvs3RSbo
2B;2023-11-30;yMQxub6_8rBd1cYXnIrCwNUkEF6ZLbeNR9Hnvs3RSbo
4C;2024-02-12;LzLVkICuVZYtN5tiAdf-K3-7QJ8hPe310RMRAD_YCi8
5B;2024-01-25;QS_maNEFyRxKfwdfxhgqrrVv-O-EH0VbO4EVm_foKu0
5B;2024-01-26;QS_maNEFyRxKfwdfxhgqrrVv-O-EH0VbO4EVm_foKu0
5B;2024-02-23;QS_maNEFyRxKfwdfxhgqrrVv-O-EH0VbO4EVm_foKu0
3C;2024-06-04;QaQo-2jQS36esmOc0ShePK-Bdse5u0k9EMsJvGxxrGc
5B;2024-01-25;C9HclZtteu565GzsH_hJmpR9pQ1qgQ1cln7cyVzzgwc
5B;2024-01-26;C9HclZtteu565GzsH_hJmpR9pQ1qgQ1cln7cyVzzgwc
5B;2024-04-09;C9HclZtteu565GzsH_hJmpR9pQ1qgQ1cln7cyVzzgwc
5B;2024-01-25;cWkEuUy-gGUpsE3GEmbCRnY3XlIfm2CsP8k7YFzXm6I
5B;2024-01-26;cWkEuUy-gGUpsE3GEmbCRnY3XlIfm2CsP8k7YFzXm6I
5B;2024-05-24;cWkEuUy-gGUpsE3GEmbCRnY3XlIfm2CsP8k7YFzXm6I
6A;2023-10-05;nJP-I79LC2OrDtDdc-TDhqt4idrKjXAlguO8iLvY4CU
4B;2024-03-26;dCJAwmmEVSyTZ-TIRV7p4WmdkPRDLBpZe31YURcCZIY
4C;2024-03-29;D79IXvXTkjEMMLwbtXLMjuOvac63YICtipdZxy2PdME
4C;2024-04-26;D79IXvXTkjEMMLwbtXLMjuOvac63YICtipdZxy2PdME
4A;2023-12-04;uQ9C1cp8Nih3y9VVwy8HrrAiBlbdfKCv9NF8jUvhU7o
4A;2023-12-05;uQ9C1cp8Nih3y9VVwy8HrrAiBlbdfKCv9NF8jUvhU7o
5A;2024-01-25;l5cFqJg4uChozIa1H4r6G5m_ETJMkdY00sjL5oaHI3w
5A;2024-01-26;l5cFqJg4uChozIa1H4r6G5m_ETJMkdY00sjL5oaHI3w
5A;2024-04-09;l5cFqJg4uChozIa1H4r6G5m_ETJMkdY00sjL5oaHI3w
5A;2024-04-16;l5cFqJg4uChozIa1H4r6G5m_ETJMkdY00sjL5oaHI3w
5A;2024-04-22;l5cFqJg4uChozIa1H4r6G5m_ETJMkdY00sjL5oaHI3w
5A;2024-04-23;l5cFqJg4uChozIa1H4r6G5m_ETJMkdY00sjL5oaHI3w
5A;2024-04-09;gqMG6Y0g_kjIChzdV3mQeXPLR0Ekf97k4KV12P5CUNo
4A;2024-02-02;k2yTrUGWC9RWH6rOT5RNrmoOZKAt9YLcXfq-aiCoHSs
2C;2024-02-23;j9xqOaonfprNbn8ruOLNV2sJuoBeg6A_4TXOqcbf14s
2C;2024-03-26;j9xqOaonfprNbn8ruOLNV2sJuoBeg6A_4TXOqcbf14s
2C;2024-04-23;j9xqOaonfprNbn8ruOLNV2sJuoBeg6A_4TXOqcbf14s
2C;2024-04-24;j9xqOaonfprNbn8ruOLNV2sJuoBeg6A_4TXOqcbf14s
2C;2024-04-25;j9xqOaonfprNbn8ruOLNV2sJuoBeg6A_4TXOqcbf14s
2C;2024-04-26;j9xqOaonfprNbn8ruOLNV2sJuoBeg6A_4TXOqcbf14s
6C;2024-02-23;-p2zhyGe62lEYA5QuraUXHDTUtKCUlY3FqzlPhfn9vk
6C;2024-03-26;-p2zhyGe62lEYA5QuraUXHDTUtKCUlY3FqzlPhfn9vk
2B;2024-03-26;7AmfDkOHx7u1cJb9SxsZESG6d_qjo-qs3AU22FKvbwg
2B;2024-04-23;7AmfDkOHx7u1cJb9SxsZESG6d_qjo-qs3AU22FKvbwg
2B;2024-04-24;7AmfDkOHx7u1cJb9SxsZESG6d_qjo-qs3AU22FKvbwg
2B;2024-04-25;7AmfDkOHx7u1cJb9SxsZESG6d_qjo-qs3AU22FKvbwg
2B;2024-04-26;7AmfDkOHx7u1cJb9SxsZESG6d_qjo-qs3AU22FKvbwg
6B;2023-10-05;PjqRVdvuF0f67-YmjQuVpwhjoKMNEMllfWaR1OpfVlA
6B;2023-10-06;PjqRVdvuF0f67-YmjQuVpwhjoKMNEMllfWaR1OpfVlA
3A;2024-04-04;i3pKy--d1QqZD7kh3zc89ttlY3Yg5Mq2f-BVO1S2pE4
1B/C;2024-03-26;bbgtRCF62jBSWt0Xn4LdVQWnR3M8pHeaUrra500N69E
5B;2023-10-16;2yeURp9if_vJzx86Yk4815AOw721yKxHBVEoyg-iI3I
5B;2024-01-25;2yeURp9if_vJzx86Yk4815AOw721yKxHBVEoyg-iI3I
5B;2024-01-26;2yeURp9if_vJzx86Yk4815AOw721yKxHBVEoyg-iI3I
4A;2024-04-01;pKGK749vJphbsyngmebEB7MXCPY2MZBiz9owgaT7Zd8
6A;2023-10-05;JtHbPBV-Tbd9o9rYxlFWLDpw8BC8Yy8PydUVd9bAkqw
6A;2024-03-26;JtHbPBV-Tbd9o9rYxlFWLDpw8BC8Yy8PydUVd9bAkqw
6A;2023-10-05;LaRYCt8xNsF6TpzN4Xk4VumCZ4SG3TxMQXF_qpEs9zQ
1B/C;2024-02-13;Wy68zbgrqn7Tz90feRhX8Y42q4brC7WK7KkyD0P6AH8
1B/C;2024-02-15;Wy68zbgrqn7Tz90feRhX8Y42q4brC7WK7KkyD0P6AH8
1A;2024-03-26;DyJf1T4yDLgrUi52e67pJRZ2osLJ06bgQGRyybEHGAw
3A;2024-02-16;uz_o_Ioq6IW0SoBsCoGQ3pe8XqM7-Li1u8XMAl2iP_A
3A;2024-03-22;uz_o_Ioq6IW0SoBsCoGQ3pe8XqM7-Li1u8XMAl2iP_A
4C;2023-12-08;qAfoydyY9Xqua0T6ynbW3tBczMyS0xXcbcLEa8s6i8E
2C;2024-04-23;PZ1Lr9qfkxiZGw1pol46TtgXQhuPQY3VBAGfmXb618M
2C;2024-04-24;PZ1Lr9qfkxiZGw1pol46TtgXQhuPQY3VBAGfmXb618M
2C;2024-04-25;PZ1Lr9qfkxiZGw1pol46TtgXQhuPQY3VBAGfmXb618M
2C;2024-04-26;PZ1Lr9qfkxiZGw1pol46TtgXQhuPQY3VBAGfmXb618M
6C;2024-02-09;J8SKUpngjyP4L5ZU4HpEnyTkniVE1gXeXB6HUDsvInY
1A;2023-12-08;iZ7mcjzo2OmLsnUjV581ksgku0_jJR2peEFuZcuTmNI
1A;2024-03-26;iZ7mcjzo2OmLsnUjV581ksgku0_jJR2peEFuZcuTmNI
3C;2023-11-14;YN0jMAG-comB0Kye5oA2857WWoeAIYWd64OYXuLOk-0
3C;2023-11-24;YN0jMAG-comB0Kye5oA2857WWoeAIYWd64OYXuLOk-0
3C;2024-03-15;YN0jMAG-comB0Kye5oA2857WWoeAIYWd64OYXuLOk-0
1B/C;2024-03-26;M6LucN9TRo6gtjkbeFD4CEYMQr0B0ibJ6IYf5EcMqpM
1B/C;2024-04-03;M6LucN9TRo6gtjkbeFD4CEYMQr0B0ibJ6IYf5EcMqpM
6C;2024-02-09;cQj3gk7B8NCXOCq9mQfXEo6Q9tTd73KfIMsSOCdnvg4
2A;2024-01-18;N7r49iPw-8QGenuIsY23jv0G1o-3MAIrZCuo2xhFVBg
2A;2024-01-29;N7r49iPw-8QGenuIsY23jv0G1o-3MAIrZCuo2xhFVBg
4B;2023-11-23;NEWlSarJFHHW66l-4010bsWqOAR4efc_rhYWFDX_ojY
4B;2023-11-24;NEWlSarJFHHW66l-4010bsWqOAR4efc_rhYWFDX_ojY
2A;2023-09-27;pthtzlDHnLgzQ03agD3I-pZWJaV4f5u2XgUGRneh2vs
2A;2024-03-26;pthtzlDHnLgzQ03agD3I-pZWJaV4f5u2XgUGRneh2vs
2A;2024-04-23;pthtzlDHnLgzQ03agD3I-pZWJaV4f5u2XgUGRneh2vs
2A;2024-04-24;pthtzlDHnLgzQ03agD3I-pZWJaV4f5u2XgUGRneh2vs
2A;2024-04-25;pthtzlDHnLgzQ03agD3I-pZWJaV4f5u2XgUGRneh2vs
2A;2024-04-26;pthtzlDHnLgzQ03agD3I-pZWJaV4f5u2XgUGRneh2vs
5A;2023-12-05;tvdU4GwEf36ov1VvqksfqR0Bq2f7DFTFhBBqogO1g_w
5A;2024-01-25;tvdU4GwEf36ov1VvqksfqR0Bq2f7DFTFhBBqogO1g_w
5A;2024-01-26;tvdU4GwEf36ov1VvqksfqR0Bq2f7DFTFhBBqogO1g_w
5A;2024-03-26;tvdU4GwEf36ov1VvqksfqR0Bq2f7DFTFhBBqogO1g_w
4A;2023-12-19;gBpKB-JW4IaeM8dXOLXm6nV4G1cQz9WK4JGAuJ135Rg
4A;2023-12-21;gBpKB-JW4IaeM8dXOLXm6nV4G1cQz9WK4JGAuJ135Rg
4A;2023-12-22;gBpKB-JW4IaeM8dXOLXm6nV4G1cQz9WK4JGAuJ135Rg
4A;2024-02-22;gBpKB-JW4IaeM8dXOLXm6nV4G1cQz9WK4JGAuJ135Rg
4A;2024-02-23;gBpKB-JW4IaeM8dXOLXm6nV4G1cQz9WK4JGAuJ135Rg
4A;2024-03-29;gBpKB-JW4IaeM8dXOLXm6nV4G1cQz9WK4JGAuJ135Rg
4A;2024-04-09;gBpKB-JW4IaeM8dXOLXm6nV4G1cQz9WK4JGAuJ135Rg
4A;2024-04-23;gBpKB-JW4IaeM8dXOLXm6nV4G1cQz9WK4JGAuJ135Rg
4A;2024-06-04;gBpKB-JW4IaeM8dXOLXm6nV4G1cQz9WK4JGAuJ135Rg
4A;2024-06-06;gBpKB-JW4IaeM8dXOLXm6nV4G1cQz9WK4JGAuJ135Rg
4A;2024-06-07;gBpKB-JW4IaeM8dXOLXm6nV4G1cQz9WK4JGAuJ135Rg
4A;2024-06-10;gBpKB-JW4IaeM8dXOLXm6nV4G1cQz9WK4JGAuJ135Rg
4A;2024-06-11;gBpKB-JW4IaeM8dXOLXm6nV4G1cQz9WK4JGAuJ135Rg
4A;2024-06-13;gBpKB-JW4IaeM8dXOLXm6nV4G1cQz9WK4JGAuJ135Rg
4A;2024-06-14;gBpKB-JW4IaeM8dXOLXm6nV4G1cQz9WK4JGAuJ135Rg
4A;2024-06-17;gBpKB-JW4IaeM8dXOLXm6nV4G1cQz9WK4JGAuJ135Rg
4A;2024-06-18;gBpKB-JW4IaeM8dXOLXm6nV4G1cQz9WK4JGAuJ135Rg
4A;2024-06-20;gBpKB-JW4IaeM8dXOLXm6nV4G1cQz9WK4JGAuJ135Rg
6A;2023-10-05;U7vfpLY888o43efm7i4OCc_KfaN6AGGUxLTexQWxOws
6C;2023-12-04;B6DBdX_nY0_KkWePDdzQ4Ya2Dxxrx2Rw0shZP8ZKy34
6C;2024-05-28;B6DBdX_nY0_KkWePDdzQ4Ya2Dxxrx2Rw0shZP8ZKy34
6A;2023-10-05;3xTRDtaxmqa7A8E93B6IP7iRFjZL0kCrnDykSNFgkko
2B;2023-12-04;GIaxaSjKu9-uWQuTI2v_Fe9Dc9doXNhX145iWgJ3j4w
2B;2023-12-05;GIaxaSjKu9-uWQuTI2v_Fe9Dc9doXNhX145iWgJ3j4w
2B;2024-03-26;GIaxaSjKu9-uWQuTI2v_Fe9Dc9doXNhX145iWgJ3j4w
2B;2024-04-23;GIaxaSjKu9-uWQuTI2v_Fe9Dc9doXNhX145iWgJ3j4w
2B;2024-04-24;GIaxaSjKu9-uWQuTI2v_Fe9Dc9doXNhX145iWgJ3j4w
2B;2024-04-25;GIaxaSjKu9-uWQuTI2v_Fe9Dc9doXNhX145iWgJ3j4w
2B;2024-04-26;GIaxaSjKu9-uWQuTI2v_Fe9Dc9doXNhX145iWgJ3j4w
Terminale;2024-04-18;R0dqI7hXUS8MHuL9U6qaCZ3m9W8oxuufI0g2KziBme4
5A;2023-11-30;NyYsao1DYGPJ3wR4n1GSv4xZObLqBJx0WAgMft_KBrc
5A;2024-04-18;NyYsao1DYGPJ3wR4n1GSv4xZObLqBJx0WAgMft_KBrc
4B;2023-10-10;finLLuXIGD76WBVPIFR3icbAt6e9gLRoBxK3-MUpipc
4B;2023-10-11;finLLuXIGD76WBVPIFR3icbAt6e9gLRoBxK3-MUpipc
4B;2023-10-12;finLLuXIGD76WBVPIFR3icbAt6e9gLRoBxK3-MUpipc
4B;2024-04-09;finLLuXIGD76WBVPIFR3icbAt6e9gLRoBxK3-MUpipc
4B;2024-06-20;finLLuXIGD76WBVPIFR3icbAt6e9gLRoBxK3-MUpipc
4B;2024-06-21;finLLuXIGD76WBVPIFR3icbAt6e9gLRoBxK3-MUpipc
4B;2024-06-24;finLLuXIGD76WBVPIFR3icbAt6e9gLRoBxK3-MUpipc
4B;2024-06-25;finLLuXIGD76WBVPIFR3icbAt6e9gLRoBxK3-MUpipc
6A;2024-01-26;1uAM5Tlr0FmWlph0x6YEqggTi6biqSWnKVuNN_BKomo
6A;2024-02-08;1uAM5Tlr0FmWlph0x6YEqggTi6biqSWnKVuNN_BKomo
6A;2024-02-09;1uAM5Tlr0FmWlph0x6YEqggTi6biqSWnKVuNN_BKomo
6A;2024-04-09;1uAM5Tlr0FmWlph0x6YEqggTi6biqSWnKVuNN_BKomo
6A;2024-04-26;1uAM5Tlr0FmWlph0x6YEqggTi6biqSWnKVuNN_BKomo
5C;2023-12-04;53V33NjKa3QFqf5K07clBX4Hx4N94suO9O5taTguXbs
5C;2024-04-26;53V33NjKa3QFqf5K07clBX4Hx4N94suO9O5taTguXbs
5B;2024-01-25;98MS2uDKlKqC7Qlh4p51d3o7svSjOCkIuihuUJFuRm0
5B;2024-01-26;98MS2uDKlKqC7Qlh4p51d3o7svSjOCkIuihuUJFuRm0
5B;2024-03-26;98MS2uDKlKqC7Qlh4p51d3o7svSjOCkIuihuUJFuRm0
6B;2023-10-05;eL8PGgricIsrnj7VmaenJ6RgcT56w5O2_tVY21BKjdw
6B;2023-10-06;eL8PGgricIsrnj7VmaenJ6RgcT56w5O2_tVY21BKjdw
6B;2024-01-24;eL8PGgricIsrnj7VmaenJ6RgcT56w5O2_tVY21BKjdw
6B;2024-01-25;eL8PGgricIsrnj7VmaenJ6RgcT56w5O2_tVY21BKjdw
Terminale;2024-03-26;BYIrK9VroohqRd_qCKupY98yTcK2Xn0fxE0YWfo1mvA
2B;2024-04-23;LlrsGOdTkMJXj1oq0g4kKzk1IgvlDjgc61WtFTMuLDg
2B;2024-04-24;LlrsGOdTkMJXj1oq0g4kKzk1IgvlDjgc61WtFTMuLDg
2B;2024-04-25;LlrsGOdTkMJXj1oq0g4kKzk1IgvlDjgc61WtFTMuLDg
2B;2024-04-26;LlrsGOdTkMJXj1oq0g4kKzk1IgvlDjgc61WtFTMuLDg
1A;2024-03-26;0M7YVYNgcnP1fXyEH27kTbI8xI3J_5Y_VDWwdsv78ws
1A;2024-05-17;0M7YVYNgcnP1fXyEH27kTbI8xI3J_5Y_VDWwdsv78ws
6C;2024-01-23;CROKt3t6aVHInwEV_nz0shuG26-QXOc8wNx_stHTiis
6C;2024-02-12;CROKt3t6aVHInwEV_nz0shuG26-QXOc8wNx_stHTiis
6C;2024-03-26;CROKt3t6aVHInwEV_nz0shuG26-QXOc8wNx_stHTiis
6C;2024-04-08;CROKt3t6aVHInwEV_nz0shuG26-QXOc8wNx_stHTiis
1B/C;2024-03-26;4z3S0asPCajLU5mtsF-FEH3134hoSvdC56epCyBqqVk
6B;2023-10-05;R3j2R9l_aD747y1FuIvTVrkcpZ4GgMGnraerUIDSdZo
6B;2023-10-06;R3j2R9l_aD747y1FuIvTVrkcpZ4GgMGnraerUIDSdZo
1B/C;2024-04-09;7yT3LeEQdnMEDe2Nx9HQ3i9lLlCiJxVjocJTzJErBI8
1B/C;2024-05-21;7yT3LeEQdnMEDe2Nx9HQ3i9lLlCiJxVjocJTzJErBI8
1A;2024-03-26;-apglKHWvlC1l3Iar9i0OLDsJegtfjEoln1nkM9GlQw
4B;2024-04-22;4UPxoXWtfxb7DXrjXdnc9Vs5X-_ukDXSs6WHrGnfcB4
4B;2024-04-23;4UPxoXWtfxb7DXrjXdnc9Vs5X-_ukDXSs6WHrGnfcB4
5C;2023-12-07;E5BwnEOfj6RpUy7Bl-b0JNH1GYcGquy6VRGpiVkiI44
5C;2024-01-23;E5BwnEOfj6RpUy7Bl-b0JNH1GYcGquy6VRGpiVkiI44
5C;2024-04-22;E5BwnEOfj6RpUy7Bl-b0JNH1GYcGquy6VRGpiVkiI44
5C;2024-04-23;E5BwnEOfj6RpUy7Bl-b0JNH1GYcGquy6VRGpiVkiI44
1B/C;2024-03-19;wLuBjVsgMFml6JCB3RBapewh-v_MlHGnq3PPG2DylRo
1B/C;2024-05-23;wLuBjVsgMFml6JCB3RBapewh-v_MlHGnq3PPG2DylRo
1B/C;2024-05-24;wLuBjVsgMFml6JCB3RBapewh-v_MlHGnq3PPG2DylRo
1B/C;2024-05-27;wLuBjVsgMFml6JCB3RBapewh-v_MlHGnq3PPG2DylRo
1B/C;2024-05-28;wLuBjVsgMFml6JCB3RBapewh-v_MlHGnq3PPG2DylRo
1B/C;2024-05-29;wLuBjVsgMFml6JCB3RBapewh-v_MlHGnq3PPG2DylRo
1B/C;2024-05-30;wLuBjVsgMFml6JCB3RBapewh-v_MlHGnq3PPG2DylRo
1B/C;2024-05-31;wLuBjVsgMFml6JCB3RBapewh-v_MlHGnq3PPG2DylRo
1A;2024-03-26;NtxDQ77rDLKF4f-niWAKs5dyTcA6wtOwsSMo1pg1dPY
Terminale;2024-02-02;_mcu-ylw_DNX3nZ9xuaHkZG86m8seWKsHFPYDT7EQGc
5B;2024-07-02;uQDbaIwfPFjym3uaYLE6WfuLnR2rb7TBEEcXdupkMvQ
5A;2024-01-30;jc_SOnXvusZltikBs27Da22nepkbd-QHMBm8n5-i0XU
5A;2024-03-11;jc_SOnXvusZltikBs27Da22nepkbd-QHMBm8n5-i0XU
5A;2024-03-12;jc_SOnXvusZltikBs27Da22nepkbd-QHMBm8n5-i0XU
5A;2024-03-13;jc_SOnXvusZltikBs27Da22nepkbd-QHMBm8n5-i0XU
5A;2024-03-14;jc_SOnXvusZltikBs27Da22nepkbd-QHMBm8n5-i0XU
5A;2024-03-15;jc_SOnXvusZltikBs27Da22nepkbd-QHMBm8n5-i0XU
5A;2024-03-21;jc_SOnXvusZltikBs27Da22nepkbd-QHMBm8n5-i0XU
5A;2024-05-30;jc_SOnXvusZltikBs27Da22nepkbd-QHMBm8n5-i0XU
5A;2024-05-31;jc_SOnXvusZltikBs27Da22nepkbd-QHMBm8n5-i0XU
2B;2024-04-23;GbMxrMfnvKDq4zzplkWr-OG1XMzA4tUUjCJOD0TE9C4
2B;2024-04-24;GbMxrMfnvKDq4zzplkWr-OG1XMzA4tUUjCJOD0TE9C4
2B;2024-04-25;GbMxrMfnvKDq4zzplkWr-OG1XMzA4tUUjCJOD0TE9C4
2B;2024-04-26;GbMxrMfnvKDq4zzplkWr-OG1XMzA4tUUjCJOD0TE9C4
4C;2024-04-09;XLQkBfimIl9_9kBYjUKj-VZc0UdYzVMF_3866uJG0Qg
6C;2023-09-07;BDNUeIgeEHVXRqCoKwtTFM8rqNKKIZY7nLm3DJNg0cg
6C;2023-09-08;BDNUeIgeEHVXRqCoKwtTFM8rqNKKIZY7nLm3DJNg0cg
5A;2024-04-09;rBfeng-nhzTCO_EbzV_3Ax4YN7DxPeaRtvG5Xyt1mWM
5A;2024-05-30;rBfeng-nhzTCO_EbzV_3Ax4YN7DxPeaRtvG5Xyt1mWM
5A;2024-06-20;rBfeng-nhzTCO_EbzV_3Ax4YN7DxPeaRtvG5Xyt1mWM
2B;2024-02-23;nF4qEfwF-PWG9OlXXAFf1BCJJJE4CZt58o1qBd0KV-I
5C;2024-01-25;83jGAidoapVMbksz8_Rs8cwXXe89Vrn5WhlSEit_z2c
5C;2024-01-26;83jGAidoapVMbksz8_Rs8cwXXe89Vrn5WhlSEit_z2c
5C;2024-02-01;83jGAidoapVMbksz8_Rs8cwXXe89Vrn5WhlSEit_z2c
2C;2024-03-26;ss5EC-xoByUyehGd9WvdcuaZfIErmIJlGy2ZM6LL40Y
2C;2024-03-29;ss5EC-xoByUyehGd9WvdcuaZfIErmIJlGy2ZM6LL40Y
2C;2024-04-23;ss5EC-xoByUyehGd9WvdcuaZfIErmIJlGy2ZM6LL40Y
2C;2024-04-24;ss5EC-xoByUyehGd9WvdcuaZfIErmIJlGy2ZM6LL40Y
2C;2024-04-25;ss5EC-xoByUyehGd9WvdcuaZfIErmIJlGy2ZM6LL40Y
2C;2024-04-26;ss5EC-xoByUyehGd9WvdcuaZfIErmIJlGy2ZM6LL40Y
2A;2024-05-16;oryI8VbQiiMvGqJVaPpv5tA31rRahouzJxPnw9rgtMk
6B;2023-10-06;SHSsPgbi5BlYrnCmuWleygH_tfqYvy_YxugirX8LGV0
6B;2024-02-16;SHSsPgbi5BlYrnCmuWleygH_tfqYvy_YxugirX8LGV0
6C;2023-11-27;ddUtvb1xfgYQtbTgTUvKTQky3tdIeJafd6ai9zdKHlM
6C;2023-12-12;ddUtvb1xfgYQtbTgTUvKTQky3tdIeJafd6ai9zdKHlM
6C;2024-01-18;ddUtvb1xfgYQtbTgTUvKTQky3tdIeJafd6ai9zdKHlM
6C;2024-01-23;ddUtvb1xfgYQtbTgTUvKTQky3tdIeJafd6ai9zdKHlM
6C;2024-01-25;ddUtvb1xfgYQtbTgTUvKTQky3tdIeJafd6ai9zdKHlM
6C;2024-01-26;ddUtvb1xfgYQtbTgTUvKTQky3tdIeJafd6ai9zdKHlM
6C;2024-04-02;ddUtvb1xfgYQtbTgTUvKTQky3tdIeJafd6ai9zdKHlM
6C;2024-04-26;ddUtvb1xfgYQtbTgTUvKTQky3tdIeJafd6ai9zdKHlM
6C;2024-05-14;ddUtvb1xfgYQtbTgTUvKTQky3tdIeJafd6ai9zdKHlM
1B/C;2023-12-05;iMXmjqQhPypEkR6MhcnigASZTqSwX3ScVWmMLRco1_I
1B/C;2024-04-02;iMXmjqQhPypEkR6MhcnigASZTqSwX3ScVWmMLRco1_I
6B;2023-10-06;ontjy1eKIChZn7LV1VBXQM_KJwE1-1so5Ax3GYtdezQ
6B;2023-12-11;ontjy1eKIChZn7LV1VBXQM_KJwE1-1so5Ax3GYtdezQ
3A;2023-11-10;b6fWq2NkCCOc_UFCwwBWLrTr4Bt25MapLiflBAdnTRA
2C;2024-04-23;0nNV6WtNvyhuzZhgqJvNPZaxLN3BgsGxgwcf-1VJPdE
2C;2024-04-24;0nNV6WtNvyhuzZhgqJvNPZaxLN3BgsGxgwcf-1VJPdE
2C;2024-04-25;0nNV6WtNvyhuzZhgqJvNPZaxLN3BgsGxgwcf-1VJPdE
2C;2024-04-26;0nNV6WtNvyhuzZhgqJvNPZaxLN3BgsGxgwcf-1VJPdE
6B;2023-10-06;K94HBGlqVMzS8NTERhieU9rXW_DMotS3awCdP4eCmxM
2C;2024-03-26;bs0PdZKo05y4EJ1uSUGO1xVUGB6Re_P6GeZY9oyUUbY
2C;2024-04-23;bs0PdZKo05y4EJ1uSUGO1xVUGB6Re_P6GeZY9oyUUbY
2C;2024-04-24;bs0PdZKo05y4EJ1uSUGO1xVUGB6Re_P6GeZY9oyUUbY
2C;2024-04-25;bs0PdZKo05y4EJ1uSUGO1xVUGB6Re_P6GeZY9oyUUbY
2C;2024-04-26;bs0PdZKo05y4EJ1uSUGO1xVUGB6Re_P6GeZY9oyUUbY
3A;2023-11-30;pMLedFZKHsQztze5-270OE-lZhfiNKpunTNtaKBS0ew
6A;2023-10-05;gkcvOH6IQPR7CUN3t8dkpogfIUn7MwfogmoK_2Rx4cI
6A;2024-01-19;gkcvOH6IQPR7CUN3t8dkpogfIUn7MwfogmoK_2Rx4cI
6A;2024-01-22;gkcvOH6IQPR7CUN3t8dkpogfIUn7MwfogmoK_2Rx4cI
6A;2024-03-26;gkcvOH6IQPR7CUN3t8dkpogfIUn7MwfogmoK_2Rx4cI
2A;2023-12-15;RvsKGw2WsJvQLQ07UDFk9lnpt6cTj2RFOqA9htX4OBM
2A;2024-04-23;RvsKGw2WsJvQLQ07UDFk9lnpt6cTj2RFOqA9htX4OBM
2A;2024-04-24;RvsKGw2WsJvQLQ07UDFk9lnpt6cTj2RFOqA9htX4OBM
2A;2024-04-25;RvsKGw2WsJvQLQ07UDFk9lnpt6cTj2RFOqA9htX4OBM
2A;2024-04-26;RvsKGw2WsJvQLQ07UDFk9lnpt6cTj2RFOqA9htX4OBM
6C;2024-03-26;14l3CvsmnkTsjI7aOhANrFfg0yfgOR6y-OBp1w7geDE
6C;2024-04-26;14l3CvsmnkTsjI7aOhANrFfg0yfgOR6y-OBp1w7geDE
4A;2023-12-04;sVdFZwC4K9wlDxCwGXq17leJNHiDxHI2qfI-CxUKgGc
6A;2023-10-12;c8MRZT86QuztF0kxSrVvv3olL6gdD5zZ0kND3zSXuWI
6A;2023-10-13;c8MRZT86QuztF0kxSrVvv3olL6gdD5zZ0kND3zSXuWI
6A;2023-11-10;c8MRZT86QuztF0kxSrVvv3olL6gdD5zZ0kND3zSXuWI
2C;2023-12-07;f24xbMdgQjBbxNQcODLnIdHS9j-VVjsNh37UTcgJWsE
2C;2024-02-19;f24xbMdgQjBbxNQcODLnIdHS9j-VVjsNh37UTcgJWsE
2C;2024-04-23;f24xbMdgQjBbxNQcODLnIdHS9j-VVjsNh37UTcgJWsE
2C;2024-04-24;f24xbMdgQjBbxNQcODLnIdHS9j-VVjsNh37UTcgJWsE
2C;2024-04-25;f24xbMdgQjBbxNQcODLnIdHS9j-VVjsNh37UTcgJWsE
2C;2024-04-26;f24xbMdgQjBbxNQcODLnIdHS9j-VVjsNh37UTcgJWsE
2C;2024-05-27;f24xbMdgQjBbxNQcODLnIdHS9j-VVjsNh37UTcgJWsE
6A;2023-10-05;hWmNJug_uHbjDDEW3IwJMSS9x96Iuz0og4W51_pETAY
6A;2024-05-27;hWmNJug_uHbjDDEW3IwJMSS9x96Iuz0og4W51_pETAY
Terminale;2024-01-23;ZPT1dqFBSkQZ6qGy4Dtfa4uEaQNgXw2Cbu-45QI5ur0
Terminale;2024-01-24;ZPT1dqFBSkQZ6qGy4Dtfa4uEaQNgXw2Cbu-45QI5ur0
Terminale;2024-01-25;ZPT1dqFBSkQZ6qGy4Dtfa4uEaQNgXw2Cbu-45QI5ur0
Terminale;2024-01-31;ZPT1dqFBSkQZ6qGy4Dtfa4uEaQNgXw2Cbu-45QI5ur0
Terminale;2024-02-02;ZPT1dqFBSkQZ6qGy4Dtfa4uEaQNgXw2Cbu-45QI5ur0
Terminale;2024-02-07;ZPT1dqFBSkQZ6qGy4Dtfa4uEaQNgXw2Cbu-45QI5ur0
Terminale;2024-02-08;ZPT1dqFBSkQZ6qGy4Dtfa4uEaQNgXw2Cbu-45QI5ur0
Terminale;2024-02-09;ZPT1dqFBSkQZ6qGy4Dtfa4uEaQNgXw2Cbu-45QI5ur0
Terminale;2024-02-12;ZPT1dqFBSkQZ6qGy4Dtfa4uEaQNgXw2Cbu-45QI5ur0
Terminale;2024-02-13;ZPT1dqFBSkQZ6qGy4Dtfa4uEaQNgXw2Cbu-45QI5ur0
Terminale;2024-02-14;ZPT1dqFBSkQZ6qGy4Dtfa4uEaQNgXw2Cbu-45QI5ur0
Terminale;2024-02-15;ZPT1dqFBSkQZ6qGy4Dtfa4uEaQNgXw2Cbu-45QI5ur0
Terminale;2024-02-16;ZPT1dqFBSkQZ6qGy4Dtfa4uEaQNgXw2Cbu-45QI5ur0
Terminale;2024-02-19;ZPT1dqFBSkQZ6qGy4Dtfa4uEaQNgXw2Cbu-45QI5ur0
Terminale;2024-02-20;ZPT1dqFBSkQZ6qGy4Dtfa4uEaQNgXw2Cbu-45QI5ur0
Terminale;2024-02-21;ZPT1dqFBSkQZ6qGy4Dtfa4uEaQNgXw2Cbu-45QI5ur0
Terminale;2024-05-15;ZPT1dqFBSkQZ6qGy4Dtfa4uEaQNgXw2Cbu-45QI5ur0
Terminale;2024-05-17;ZPT1dqFBSkQZ6qGy4Dtfa4uEaQNgXw2Cbu-45QI5ur0
5C;2023-12-04;wfgRwUsCHNYOwJ0xWBu92tmL-3kiBEPYJOiEoFz7_k0
5C;2023-12-07;wfgRwUsCHNYOwJ0xWBu92tmL-3kiBEPYJOiEoFz7_k0
5C;2024-01-25;wfgRwUsCHNYOwJ0xWBu92tmL-3kiBEPYJOiEoFz7_k0
5C;2024-01-26;wfgRwUsCHNYOwJ0xWBu92tmL-3kiBEPYJOiEoFz7_k0
5C;2024-03-22;wfgRwUsCHNYOwJ0xWBu92tmL-3kiBEPYJOiEoFz7_k0
4A;2023-11-20;Edw8Jzim2N5-wBkrN5RmvQmGObeolIyqgnXQO-7tG8U
6B;2023-10-06;3gxXu8cFCDMOoZJEga90NN5EcWlloEDMH5zsLTBIYXE
3B;2023-12-01;RpX7D2y1WYHBD5hOZWtcUUR0f-RdQq7BhaUp5030FrI
3B;2024-06-03;RpX7D2y1WYHBD5hOZWtcUUR0f-RdQq7BhaUp5030FrI
4C;2024-04-19;a6jBNRAbMMFhO9e5KBrsM7Yjqh5MYb0EE4e2yB_AkRc
5C;2023-12-11;8565x7mAoYrvbsQKYvfkxaL6H1KVe63YIb5OQkB7cSU
5C;2024-01-25;8565x7mAoYrvbsQKYvfkxaL6H1KVe63YIb5OQkB7cSU
5C;2024-01-26;8565x7mAoYrvbsQKYvfkxaL6H1KVe63YIb5OQkB7cSU
5C;2024-03-26;8565x7mAoYrvbsQKYvfkxaL6H1KVe63YIb5OQkB7cSU
3A;2024-04-04;rG8p0LkaJS3bU4tt_3-jkJAfc3tSeuJiZLFPe1YWWuQ
6C;2024-01-23;GNBdcywpRVHuoqiY4FOLbF1uUufMcl3qjbQuEcWfiYw
1B/C;2023-11-07;QoqOnH3bGj7OPAwYwhOqmLJBWiJTMLC7nPrui-Xry7U
4A;2024-02-13;guTcFwhL8KH3DYaY_JJwRiPODXNXm9jL5Oe0qOUkftw
4A;2024-03-22;guTcFwhL8KH3DYaY_JJwRiPODXNXm9jL5Oe0qOUkftw
4A;2024-03-25;guTcFwhL8KH3DYaY_JJwRiPODXNXm9jL5Oe0qOUkftw
6A;2023-10-05;MR2OZETw6pTE6aE_oC1xIrNwmn9Xyn3ZcbI-c0sJVTU
6A;2023-11-16;MR2OZETw6pTE6aE_oC1xIrNwmn9Xyn3ZcbI-c0sJVTU
5C;2024-01-25;6bb8K4Ql5NT9tNBOlM719VGaeen1VVqIXAqFDtD5FgA
5C;2024-04-26;6bb8K4Ql5NT9tNBOlM719VGaeen1VVqIXAqFDtD5FgA
2B;2024-01-18;1ZCM-2DJ6rXJtJRgjT_ynhtCd230_rbyTx5PitDasxM
2B;2024-04-23;1ZCM-2DJ6rXJtJRgjT_ynhtCd230_rbyTx5PitDasxM
2B;2024-04-24;1ZCM-2DJ6rXJtJRgjT_ynhtCd230_rbyTx5PitDasxM
2B;2024-04-25;1ZCM-2DJ6rXJtJRgjT_ynhtCd230_rbyTx5PitDasxM
2B;2024-04-26;1ZCM-2DJ6rXJtJRgjT_ynhtCd230_rbyTx5PitDasxM
1B/C;2024-03-26;G8Ju-2Ifjp-GHD8sr7yFl_oW_GEedv3dVWTW2SrHKWQ
1B/C;2024-03-26;OTbXvDcCLfSODcPT79cWA1KgEu3RaLxeDMGjlOfONb4
4B;2023-11-07;X3XmlDo3QiZaYZkPz_QPsUrtwgcVizFnOS3easx9gjM
4B;2024-04-04;X3XmlDo3QiZaYZkPz_QPsUrtwgcVizFnOS3easx9gjM
4B;2024-04-05;X3XmlDo3QiZaYZkPz_QPsUrtwgcVizFnOS3easx9gjM
6B;2023-10-06;V0HWUKgQU7ynWQdI4315Cx-zDTZn21aUO0dKTZwHXvE
6B;2024-01-26;V0HWUKgQU7ynWQdI4315Cx-zDTZn21aUO0dKTZwHXvE
6B;2024-02-05;V0HWUKgQU7ynWQdI4315Cx-zDTZn21aUO0dKTZwHXvE
3A;2023-12-08;Gnm2bgOgQ2pA8Tg2ns-P5TVM1D2W7K9xWpgup_c4SfQ
6B;2023-10-06;ZmB2fdr8PPpSJbbTcBiQblWMFWvLu0a-1j6nfK9NcvE
6B;2024-04-01;ZmB2fdr8PPpSJbbTcBiQblWMFWvLu0a-1j6nfK9NcvE
6C;2024-04-01;OVoVHbLdeCJG8Hg-vIIvVEOPwHT1F8fcNDqD4sngCI4
4B;2023-11-23;FzrqNKHY2-jqML6kFRSMHPbmU06yYQR-aDuuqXyIS5A
6C;2024-01-18;DiYPlU4dSuujBrE9YgBaeNhqkI6K_UUT8lYXOmiJiI8
4C;2024-01-09;yNHlX0lWB3HlBA4iTyrnwGfxeUOD8Tq6oQgRemGWeEw
4C;2024-03-26;yNHlX0lWB3HlBA4iTyrnwGfxeUOD8Tq6oQgRemGWeEw
4C;2024-03-29;yNHlX0lWB3HlBA4iTyrnwGfxeUOD8Tq6oQgRemGWeEw
5B;2023-12-14;yvbruqZmkyi8oTBMEl60FoaER9rksI-FgPZSSr1KwGE
5B;2023-12-15;yvbruqZmkyi8oTBMEl60FoaER9rksI-FgPZSSr1KwGE
5B;2024-01-12;yvbruqZmkyi8oTBMEl60FoaER9rksI-FgPZSSr1KwGE
5B;2024-01-25;yvbruqZmkyi8oTBMEl60FoaER9rksI-FgPZSSr1KwGE
5B;2024-01-30;yvbruqZmkyi8oTBMEl60FoaER9rksI-FgPZSSr1KwGE
5B;2024-02-06;yvbruqZmkyi8oTBMEl60FoaER9rksI-FgPZSSr1KwGE
5B;2024-02-08;yvbruqZmkyi8oTBMEl60FoaER9rksI-FgPZSSr1KwGE
5A;2024-01-25;2OrLcqqtlSekkkO2CnnLdSkNXzf7_oO94pjhc6MRtWA
5A;2024-01-26;2OrLcqqtlSekkkO2CnnLdSkNXzf7_oO94pjhc6MRtWA
5A;2024-03-26;2OrLcqqtlSekkkO2CnnLdSkNXzf7_oO94pjhc6MRtWA
5A;2023-12-01;yyDXVIkjmmjbo3k-irxZkq5PSz77KF4t11hpUVB_caM
5A;2024-01-25;yyDXVIkjmmjbo3k-irxZkq5PSz77KF4t11hpUVB_caM
5A;2024-01-26;yyDXVIkjmmjbo3k-irxZkq5PSz77KF4t11hpUVB_caM
5A;2024-03-26;yyDXVIkjmmjbo3k-irxZkq5PSz77KF4t11hpUVB_caM
2B;2024-04-23;sCbpPi7xtOUEPjx59dYqe1BkokVrqxqiqdtk_KQfFI4
2B;2024-04-24;sCbpPi7xtOUEPjx59dYqe1BkokVrqxqiqdtk_KQfFI4
2B;2024-04-25;sCbpPi7xtOUEPjx59dYqe1BkokVrqxqiqdtk_KQfFI4
2B;2024-04-26;sCbpPi7xtOUEPjx59dYqe1BkokVrqxqiqdtk_KQfFI4
2C;2024-03-26;kA_yzW_hrnxp1wqFi3iApHbq9QprJJouqlIR5_t18GU
6C;2023-09-21;6HLIqeUrEjUjLePSldvOkOGCyt77UjvEj_WcbHwdeH4
Terminale;2024-03-26;PUBBaMLuOB_iJoE-3YuuMbQmTy3iV-Oi1fsDL6yEjI0
4C;2024-01-23;c3xVW4Y2abSa5RDcCqifTDyb1sVxLZ8zv0APgEB7l2Y
6C;2024-02-15;4qf5qCWoQo6CT1uYjDc3vDXzdakeHzd_qwU14BFs89I
6C;2024-06-27;4qf5qCWoQo6CT1uYjDc3vDXzdakeHzd_qwU14BFs89I
6C;2024-06-28;4qf5qCWoQo6CT1uYjDc3vDXzdakeHzd_qwU14BFs89I
4C;2023-11-27;83r2W_WAssx0CCXJrsOndBNRAsRKBtMx7CtvDNZcmtI
4C;2024-03-15;83r2W_WAssx0CCXJrsOndBNRAsRKBtMx7CtvDNZcmtI
4C;2024-04-09;83r2W_WAssx0CCXJrsOndBNRAsRKBtMx7CtvDNZcmtI
4C;2024-05-23;83r2W_WAssx0CCXJrsOndBNRAsRKBtMx7CtvDNZcmtI
2C;2024-04-09;KC8CI-9Th5bhfA1lyf5DIgjkQvqT7DV82HsmmbbUb48
2A;2023-09-18;2eX6Ptr4UVl8dUTBpqrGKzYJobgX1dd_amwPpv2oFk0
2A;2024-01-31;2eX6Ptr4UVl8dUTBpqrGKzYJobgX1dd_amwPpv2oFk0
2A;2024-02-01;2eX6Ptr4UVl8dUTBpqrGKzYJobgX1dd_amwPpv2oFk0
2A;2024-03-26;2eX6Ptr4UVl8dUTBpqrGKzYJobgX1dd_amwPpv2oFk0
4A;2023-10-06;sCYOzSxlOIRsCHZ2ZwGKZlPcEllwwBOQO2NenbyNecI
4A;2024-04-04;sCYOzSxlOIRsCHZ2ZwGKZlPcEllwwBOQO2NenbyNecI
4A;2024-04-05;sCYOzSxlOIRsCHZ2ZwGKZlPcEllwwBOQO2NenbyNecI
2C;2024-02-12;vlGS65G2uTHK-S-uustlPxCruoiNealjos2mM3l5O6A
1B/C;2024-03-26;dHztjQ5NyqTuPnEJvGpjEGUTu_Rm4guUqHK_QvYpNfo
6B;2023-10-06;6f40NN6_onsOjdsNneeUruTeNvn2kiFwOW5zKB7gQlI
3B;2023-09-05;CYnlLgSIo3pT81vA0MvUBsUaS4URFmbnxTUc-_qEF_M
5B;2024-01-19;kOVF88m42DC3sO1NghNkwLzq9R1hd27-OV-n3bm1GEw
5B;2024-01-25;kOVF88m42DC3sO1NghNkwLzq9R1hd27-OV-n3bm1GEw
5B;2024-01-26;kOVF88m42DC3sO1NghNkwLzq9R1hd27-OV-n3bm1GEw
5C;2024-01-25;ZULly18Ye8qIqxlESrMZN4R3TfPZ0Y_1jZrSn0neLq0
6C;2023-11-30;8VEoZYSs8FO_jWTIpRxj3kxxcdqgoM_gcEIoEWkY2Ak
6C;2024-03-26;8VEoZYSs8FO_jWTIpRxj3kxxcdqgoM_gcEIoEWkY2Ak
2C;2024-04-23;SZ5rg5IrisSLP9uUiHYDzbs6e5ZUnqGaHxMNEJ5DmTM
2C;2024-04-24;SZ5rg5IrisSLP9uUiHYDzbs6e5ZUnqGaHxMNEJ5DmTM
2C;2024-04-25;SZ5rg5IrisSLP9uUiHYDzbs6e5ZUnqGaHxMNEJ5DmTM
2C;2024-04-26;SZ5rg5IrisSLP9uUiHYDzbs6e5ZUnqGaHxMNEJ5DmTM
5B;2024-01-25;9-JJpvR3-lvBmWV8imI5fa0ojcEo-oeh9QdZvtV8bhc
5B;2024-01-26;9-JJpvR3-lvBmWV8imI5fa0ojcEo-oeh9QdZvtV8bhc
5B;2024-01-25;s6krPQdlnjRbH1kx03vuOJgLJCuBGrXgEJ5hZTOrDYM
5B;2024-01-26;s6krPQdlnjRbH1kx03vuOJgLJCuBGrXgEJ5hZTOrDYM
5B;2024-02-19;s6krPQdlnjRbH1kx03vuOJgLJCuBGrXgEJ5hZTOrDYM
5A;2023-09-14;qrHVYcMjskoFpEVsQFCjYsiDI5zQDDQEDnQHhEjoPCk
5A;2023-12-05;qrHVYcMjskoFpEVsQFCjYsiDI5zQDDQEDnQHhEjoPCk
5A;2023-12-07;qrHVYcMjskoFpEVsQFCjYsiDI5zQDDQEDnQHhEjoPCk
5A;2024-01-25;qrHVYcMjskoFpEVsQFCjYsiDI5zQDDQEDnQHhEjoPCk
5A;2024-01-26;qrHVYcMjskoFpEVsQFCjYsiDI5zQDDQEDnQHhEjoPCk
5A;2024-03-22;qrHVYcMjskoFpEVsQFCjYsiDI5zQDDQEDnQHhEjoPCk
5A;2024-04-09;qrHVYcMjskoFpEVsQFCjYsiDI5zQDDQEDnQHhEjoPCk
1A;2024-01-30;uepqpa_JsfrYacOUpJ7HPdKTMk3VUmS8sPFJqVUAkBA
4B;2024-03-26;Q9B2-5rPJizw-Qwh1z71dzHGDxJEvArymmKMGo4favw
5B;2024-01-25;2ELG_7LO4fkMxVurqy0qzYk-faXSbnB2RCmSLFoOICw
5B;2024-01-26;2ELG_7LO4fkMxVurqy0qzYk-faXSbnB2RCmSLFoOICw
5B;2024-04-22;2ELG_7LO4fkMxVurqy0qzYk-faXSbnB2RCmSLFoOICw
5B;2024-01-25;EBOvxm1RNuPgwDjVuZAPXRCnUS5xXABqILDF2XhzNg8
5B;2024-01-26;EBOvxm1RNuPgwDjVuZAPXRCnUS5xXABqILDF2XhzNg8
5B;2024-03-26;EBOvxm1RNuPgwDjVuZAPXRCnUS5xXABqILDF2XhzNg8
3C;2024-05-16;naQhiGDq_QN1rhBDb5n-N-vzsPxbD3-KltT9bhMOKEI
3C;2024-05-17;naQhiGDq_QN1rhBDb5n-N-vzsPxbD3-KltT9bhMOKEI
5B;2024-01-26;wZ-b-Nnv1Zgm1eMTkZ59dMThSUg1armkAN80Ia4xkxk
5B;2024-02-13;wZ-b-Nnv1Zgm1eMTkZ59dMThSUg1armkAN80Ia4xkxk
5B;2024-02-16;wZ-b-Nnv1Zgm1eMTkZ59dMThSUg1armkAN80Ia4xkxk
5B;2024-02-19;wZ-b-Nnv1Zgm1eMTkZ59dMThSUg1armkAN80Ia4xkxk
4C;2024-03-26;JeBWaJUFhFs4sWd82UQWnxQm0aKHZWZzdgFC5hUqmzo
4C;2024-04-16;JeBWaJUFhFs4sWd82UQWnxQm0aKHZWZzdgFC5hUqmzo
2C;2024-02-12;6y1mx4tCsMbx2tJDL4CSYzWEVgR_7bssZO8AuBVFY5Q
2C;2024-04-23;6y1mx4tCsMbx2tJDL4CSYzWEVgR_7bssZO8AuBVFY5Q
2C;2024-04-24;6y1mx4tCsMbx2tJDL4CSYzWEVgR_7bssZO8AuBVFY5Q
2C;2024-04-25;6y1mx4tCsMbx2tJDL4CSYzWEVgR_7bssZO8AuBVFY5Q
2C;2024-04-26;6y1mx4tCsMbx2tJDL4CSYzWEVgR_7bssZO8AuBVFY5Q
5C;2023-10-03;8ZBRB-dKktwcxu8BPUwMWhfKdKDzzs-BqcAhaJBrVyM
5C;2023-10-05;8ZBRB-dKktwcxu8BPUwMWhfKdKDzzs-BqcAhaJBrVyM
5C;2023-10-06;8ZBRB-dKktwcxu8BPUwMWhfKdKDzzs-BqcAhaJBrVyM
5C;2023-11-10;8ZBRB-dKktwcxu8BPUwMWhfKdKDzzs-BqcAhaJBrVyM
5C;2023-11-14;8ZBRB-dKktwcxu8BPUwMWhfKdKDzzs-BqcAhaJBrVyM
5C;2024-02-16;8ZBRB-dKktwcxu8BPUwMWhfKdKDzzs-BqcAhaJBrVyM
5C;2024-03-26;8ZBRB-dKktwcxu8BPUwMWhfKdKDzzs-BqcAhaJBrVyM
5C;2024-04-02;8ZBRB-dKktwcxu8BPUwMWhfKdKDzzs-BqcAhaJBrVyM
4B;2024-03-25;c5oDRXJbzGGC6V2p0gTkCmFYLQl1JwqlaQ7wRQkX5G8
1A;2024-05-17;7jewNDq3sKFX49MMpfHa7SUVf2DWtQbuTSK6_o9kz_c
4B;2024-01-22;vvEYSPZIRBhsU-aIoQbrBiTblqPWtG4GEOwIrVwJPY8
4B;2024-05-30;vvEYSPZIRBhsU-aIoQbrBiTblqPWtG4GEOwIrVwJPY8
4B;2024-05-31;vvEYSPZIRBhsU-aIoQbrBiTblqPWtG4GEOwIrVwJPY8
4C;2024-04-09;9b4kzO5A8fpkhfHTjXL9kW6Mo08tfFTZ9-SlCLZZiZU
4B;2024-01-29;njv6L7PjTPiiL8E3C3NE1q_V5SoNvREco2oOfRydpc0
6A;2023-10-05;6Ju8_BuXENXSQ8W5aBANAw55NMhQL_GlyyGwasCgras
6A;2024-04-22;6Ju8_BuXENXSQ8W5aBANAw55NMhQL_GlyyGwasCgras
6A;2024-04-23;6Ju8_BuXENXSQ8W5aBANAw55NMhQL_GlyyGwasCgras
2B;2024-04-23;o9Tzaq3RlBnBkJXiUM401IuTCcYwuODaqTOFUSPRFc8
2B;2024-04-24;o9Tzaq3RlBnBkJXiUM401IuTCcYwuODaqTOFUSPRFc8
2B;2024-04-25;o9Tzaq3RlBnBkJXiUM401IuTCcYwuODaqTOFUSPRFc8
2B;2024-04-26;o9Tzaq3RlBnBkJXiUM401IuTCcYwuODaqTOFUSPRFc8
2C;2024-04-23;xt22PDacvasaRVirnrBlSPF0OCszUYZrcM4XwQZZyFo
2C;2024-04-24;xt22PDacvasaRVirnrBlSPF0OCszUYZrcM4XwQZZyFo
2C;2024-04-25;xt22PDacvasaRVirnrBlSPF0OCszUYZrcM4XwQZZyFo
2C;2024-04-26;xt22PDacvasaRVirnrBlSPF0OCszUYZrcM4XwQZZyFo
3C;2023-11-24;0UKJGNhXQfPZsArqc9_I8ejsxGhZVGez3GO_PXOs0tA
3C;2024-01-22;0UKJGNhXQfPZsArqc9_I8ejsxGhZVGez3GO_PXOs0tA
3A;2024-03-22;oyP5-Y2fcIfSi40vQSjCqU8gsIYP1m8VY3xCP3VgXWs
3A;2024-03-26;oyP5-Y2fcIfSi40vQSjCqU8gsIYP1m8VY3xCP3VgXWs
6B;2023-10-06;F7jvfA1sfJRS4hoeBAckWXKtmijLJ1-N826fAJ-Mcu4
6B;2024-04-26;F7jvfA1sfJRS4hoeBAckWXKtmijLJ1-N826fAJ-Mcu4
6C;2024-01-26;rJGWjTj2JGoGHaUGYzAEZzJVBe1EkS9pFFTGCk5CE9E
1A;2024-03-26;w3qw7LNY6qnKGFH7BP9Nk4igCL82OZvws08UVvEcybk
1A;2024-05-17;w3qw7LNY6qnKGFH7BP9Nk4igCL82OZvws08UVvEcybk
6A;2023-10-05;1dWENieZ42-ji5mFhv3t4euQvEt0W1BrwMj5O-vsMKg
2B;2024-03-26;9pa5ociDDdUYsMsglyUcV44tA-P4h_DX_eAYWk59zNY
3C;2023-11-27;VNuv-_-_9KWKgBbsjtBzom3yd7JIwwE3iVOeOfGyg_A
3B;2024-01-29;BskYKiPp0xIMHrlbWWJWcJWdl_thT7Xyx5gbYpS3Ln4
4C;2023-11-09;2o1AV8VbhIT0yJ8xKsLUzQLtjZc8AdqkxdJ2d2lJtio
4C;2023-11-10;2o1AV8VbhIT0yJ8xKsLUzQLtjZc8AdqkxdJ2d2lJtio
4C;2024-01-30;2o1AV8VbhIT0yJ8xKsLUzQLtjZc8AdqkxdJ2d2lJtio
5C;2024-01-29;N7jbgQz1YuSs7ibPHpynJDZRIHZuMDtCBYrifMh11XY
5C;2024-02-01;N7jbgQz1YuSs7ibPHpynJDZRIHZuMDtCBYrifMh11XY
2A;2024-04-05;H5w3Vzg1AsiE2Ocb_GEjqjls-WJWowsNHvRgETx_pls
1B/C;2023-09-22;k7YIyKQiNuebA2Z4rkycbgqF7izika9asmP5xMBMfbU
4A;2024-03-26;4ZUPLqVm6yVn_jE_XhilRHDNPffW1QlYgZXaaBk47_c
6A;2023-10-05;jPMRrNKroE3aDCFmnFArPKej-L_t_9rIJlE_61y6oj0
6A;2024-04-09;jPMRrNKroE3aDCFmnFArPKej-L_t_9rIJlE_61y6oj0
6A;2023-10-05;YjJKBYDdeUZj1WSJ9T5k41AfB9ua_STLIcOf-eBP0m4
6A;2024-01-18;YjJKBYDdeUZj1WSJ9T5k41AfB9ua_STLIcOf-eBP0m4
2A;2024-03-26;lnBDyHr0Zh-SQqFikz-BsTuCUYzreZJSqbqIFmbCmm0
2A;2024-01-26;lqHV3fJ1ADTENx6RAem9RS-W70N4OPFrDG8f8Zyvz2o
2A;2024-02-15;lqHV3fJ1ADTENx6RAem9RS-W70N4OPFrDG8f8Zyvz2o
2A;2024-02-19;lqHV3fJ1ADTENx6RAem9RS-W70N4OPFrDG8f8Zyvz2o
2A;2024-02-20;lqHV3fJ1ADTENx6RAem9RS-W70N4OPFrDG8f8Zyvz2o
2A;2024-03-26;lqHV3fJ1ADTENx6RAem9RS-W70N4OPFrDG8f8Zyvz2o
2A;2024-04-23;lqHV3fJ1ADTENx6RAem9RS-W70N4OPFrDG8f8Zyvz2o
2A;2024-04-24;lqHV3fJ1ADTENx6RAem9RS-W70N4OPFrDG8f8Zyvz2o
2A;2024-04-25;lqHV3fJ1ADTENx6RAem9RS-W70N4OPFrDG8f8Zyvz2o
2A;2024-04-26;lqHV3fJ1ADTENx6RAem9RS-W70N4OPFrDG8f8Zyvz2o
1A;2024-03-26;gIMlSLngj1_RyZWWxPfNzUzR3Ks9EDTMU0QJNtoalEk
Terminale;2024-03-26;OBvrrUC-OG8Rgbit2mVYSkI3R9HWBUYfQbWlPOTvFfk
2A;2024-04-23;O7eIkXN5IzasuUKPXTU6jDkhoq6YE4hSC6ntbf2-vD8
2A;2024-04-24;O7eIkXN5IzasuUKPXTU6jDkhoq6YE4hSC6ntbf2-vD8
2A;2024-04-25;O7eIkXN5IzasuUKPXTU6jDkhoq6YE4hSC6ntbf2-vD8
2A;2024-04-26;O7eIkXN5IzasuUKPXTU6jDkhoq6YE4hSC6ntbf2-vD8
2A;2023-12-15;_K8Qy5HT8_u948Z6ForrEnFtdpm2RS1ngI0_18vrIgA
2A;2024-01-19;_K8Qy5HT8_u948Z6ForrEnFtdpm2RS1ngI0_18vrIgA
2A;2024-01-23;_K8Qy5HT8_u948Z6ForrEnFtdpm2RS1ngI0_18vrIgA
2A;2024-02-01;_K8Qy5HT8_u948Z6ForrEnFtdpm2RS1ngI0_18vrIgA
2A;2024-02-08;_K8Qy5HT8_u948Z6ForrEnFtdpm2RS1ngI0_18vrIgA
2A;2024-03-15;_K8Qy5HT8_u948Z6ForrEnFtdpm2RS1ngI0_18vrIgA
6A;2023-10-05;hR-GW2zQZZltTNpqS3nmpXZZrGgGks8gWGYRHDMI3-Q
6A;2023-10-05;kPdjzeQ_Go2UsWNlo8Htrtp8138Ek0d8SiNdyjvL8yg
2B;2024-01-29;D126CQs_qdRdmumGvHlEj-o915Lir5QU-yjYBqjrcrM
2B;2024-03-21;D126CQs_qdRdmumGvHlEj-o915Lir5QU-yjYBqjrcrM
2B;2024-03-22;D126CQs_qdRdmumGvHlEj-o915Lir5QU-yjYBqjrcrM
2B;2024-04-23;D126CQs_qdRdmumGvHlEj-o915Lir5QU-yjYBqjrcrM
2B;2024-04-24;D126CQs_qdRdmumGvHlEj-o915Lir5QU-yjYBqjrcrM
2B;2024-04-25;D126CQs_qdRdmumGvHlEj-o915Lir5QU-yjYBqjrcrM
2B;2024-04-26;D126CQs_qdRdmumGvHlEj-o915Lir5QU-yjYBqjrcrM
3A;2023-12-05;YtuJxkutFaNfFHc_xKn5PdIY1DrbbyBB9EEvcKIaRz8
3A;2024-02-16;YtuJxkutFaNfFHc_xKn5PdIY1DrbbyBB9EEvcKIaRz8
3A;2024-03-22;YtuJxkutFaNfFHc_xKn5PdIY1DrbbyBB9EEvcKIaRz8
6A;2023-10-05;FQN-QeltnRtNSYog9hytFDIeSjE6A2lmr29PbsUR1Hw
3A;2023-09-25;m64Plm8odXbt2nL2BmtX4D7BCqA1Ga2zptqaTL4_fxY
3A;2024-02-22;m64Plm8odXbt2nL2BmtX4D7BCqA1Ga2zptqaTL4_fxY
3A;2024-03-29;m64Plm8odXbt2nL2BmtX4D7BCqA1Ga2zptqaTL4_fxY
1A;2024-03-26;9W7PDf6tNgiXgJ2GUmtLbhqL_RXtyHo3LCrd_OfQvPk
6A;2023-10-05;NkINpUUkv8Yn3mBLdIWseVXy9EdGH4IPFEXTNl3Szbw
5B;2024-01-25;wfXt_U1KMZbK6JiFELbImSqWZ-xPuy3ygMtPLd40xRk
5B;2024-01-26;wfXt_U1KMZbK6JiFELbImSqWZ-xPuy3ygMtPLd40xRk
5B;2024-01-30;wfXt_U1KMZbK6JiFELbImSqWZ-xPuy3ygMtPLd40xRk
6A;2023-10-05;K0Wt6oEfvrIJdGXMuYaWbMMDlS6lz0tZPy6AQILeAzM
5B;2024-03-26;0jf1GItzswu98Dhjv7GjlFwLPJAhrcsu15BT0hbP1Yg
5B;2024-04-19;0jf1GItzswu98Dhjv7GjlFwLPJAhrcsu15BT0hbP1Yg
5A;2024-01-25;Phtk45yjLwcVWQ4ai7m4JXim5KEWfgPxeQ34eNLsW4Q
5A;2024-01-26;Phtk45yjLwcVWQ4ai7m4JXim5KEWfgPxeQ34eNLsW4Q
5A;2024-01-29;Phtk45yjLwcVWQ4ai7m4JXim5KEWfgPxeQ34eNLsW4Q
3C;2023-10-12;TDcOZTTefHvGUZdVyHRtKUI7UoCg7JMB16sS9_YgTM4
3C;2023-12-05;TDcOZTTefHvGUZdVyHRtKUI7UoCg7JMB16sS9_YgTM4
3A;2023-12-01;NuFLagPf86o9xiqsuRBO64qL-brsuVC_jWWPetbpvW8
3A;2024-05-31;NuFLagPf86o9xiqsuRBO64qL-brsuVC_jWWPetbpvW8
5A;2024-01-18;dfDIl-cfO5wYW1djNXWRh6Lqp5wVNvpYRKv7-bL-Ie0
5A;2024-04-08;dfDIl-cfO5wYW1djNXWRh6Lqp5wVNvpYRKv7-bL-Ie0
5A;2024-05-30;dfDIl-cfO5wYW1djNXWRh6Lqp5wVNvpYRKv7-bL-Ie0
5A;2024-05-31;dfDIl-cfO5wYW1djNXWRh6Lqp5wVNvpYRKv7-bL-Ie0
1A;2023-12-05;qytKdqpM1m1lc1PzdbT3tGMwwDtu8mlxoC0vm0HcsTk
1B/C;2024-03-26;qytKdqpM1m1lc1PzdbT3tGMwwDtu8mlxoC0vm0HcsTk
5A;2024-03-14;gwmFQf-IyLAWOTxNb5wz1hdFEMIb2miZRl75bMTdgSU
5A;2024-03-15;gwmFQf-IyLAWOTxNb5wz1hdFEMIb2miZRl75bMTdgSU
2A;2024-04-23;gq67y99eXJ52BwTQZ4GYpnYltf7tifuQ-yZvRuqrSHc
2A;2024-04-24;gq67y99eXJ52BwTQZ4GYpnYltf7tifuQ-yZvRuqrSHc
2A;2024-04-25;gq67y99eXJ52BwTQZ4GYpnYltf7tifuQ-yZvRuqrSHc
2A;2024-04-26;gq67y99eXJ52BwTQZ4GYpnYltf7tifuQ-yZvRuqrSHc
5C;2024-01-25;Faxe6QNFNzK7I_32yNMyef132__nXnCodwo1cb6lKDo
5C;2024-01-26;Faxe6QNFNzK7I_32yNMyef132__nXnCodwo1cb6lKDo
6B;2023-10-06;X4mBi76LQyjySwO4k9rY8Wcdew8iI6Yb8hdEaxXyoX4
2A;2023-09-21;58oF_H9LN8xn6ot80d57Fy7OYJFTvbdtfPzWBLvapZA
2A;2024-04-23;58oF_H9LN8xn6ot80d57Fy7OYJFTvbdtfPzWBLvapZA
2A;2024-04-24;58oF_H9LN8xn6ot80d57Fy7OYJFTvbdtfPzWBLvapZA
2A;2024-04-25;58oF_H9LN8xn6ot80d57Fy7OYJFTvbdtfPzWBLvapZA
2A;2024-04-26;58oF_H9LN8xn6ot80d57Fy7OYJFTvbdtfPzWBLvapZA
1B/C;2024-03-26;VKEWDA1A7kkdTKuuKR9WP2jePRmJgwW32qWvRRwnz7k
3A;2023-12-05;II8ZXqwfVXdRtiOa2TCy89fENgmoXT-IEtIwCT-Wrtw
3A;2024-03-21;II8ZXqwfVXdRtiOa2TCy89fENgmoXT-IEtIwCT-Wrtw
6A;2023-10-05;qEBetcMrPuKHIloYY8JBB-Ob7AHI-htN64SA5shteBw
6A;2023-12-05;qEBetcMrPuKHIloYY8JBB-Ob7AHI-htN64SA5shteBw
6A;2024-02-13;qEBetcMrPuKHIloYY8JBB-Ob7AHI-htN64SA5shteBw
6A;2024-03-11;qEBetcMrPuKHIloYY8JBB-Ob7AHI-htN64SA5shteBw
6A;2024-03-12;qEBetcMrPuKHIloYY8JBB-Ob7AHI-htN64SA5shteBw
1B/C;2024-03-26;u0Qwuhv-pYhNw9T0x9oALkQgu_HpVke0S8JBJpEuNic
2B;2024-03-26;oVv_H6G_7TCbyJ6daDasunBLLWIvI5JFfHdbK5MuNSU
2B;2024-05-17;oVv_H6G_7TCbyJ6daDasunBLLWIvI5JFfHdbK5MuNSU
4B;2024-03-26;CpQvR-KVaf87i12y9pNKDOzJJflBZ1TCHMC3vgNsUIg
6C;2024-01-25;zwf12jyJmeJnRQAFM-x-aujHf3yK9Ou3q5uIXEXGKpA
6C;2024-01-26;zwf12jyJmeJnRQAFM-x-aujHf3yK9Ou3q5uIXEXGKpA
3A;2024-03-14;-l37j9LGszZM4s0hqkhpGizyx6yXGIDC7sc9_gHieC0
3A;2024-03-26;-l37j9LGszZM4s0hqkhpGizyx6yXGIDC7sc9_gHieC0
6B;2024-03-21;0DfSEwZh4Y8ECT3qsHm4OD2S7658Uwj2fqX3OurVAV0
3B;2023-09-05;OBqWXID_6gXCg-qkqRd-KPCuuuh7La5TdolkHvp2F70
3B;2023-09-07;OBqWXID_6gXCg-qkqRd-KPCuuuh7La5TdolkHvp2F70
3B;2023-09-08;OBqWXID_6gXCg-qkqRd-KPCuuuh7La5TdolkHvp2F70
3B;2023-09-12;OBqWXID_6gXCg-qkqRd-KPCuuuh7La5TdolkHvp2F70
3B;2023-09-15;OBqWXID_6gXCg-qkqRd-KPCuuuh7La5TdolkHvp2F70
3B;2023-09-18;OBqWXID_6gXCg-qkqRd-KPCuuuh7La5TdolkHvp2F70
3B;2023-09-21;OBqWXID_6gXCg-qkqRd-KPCuuuh7La5TdolkHvp2F70
2B;2023-09-05;FBN6EGeamcjv7wFNtJht0qWIIzmX-hnV2QgBVnGVhPE
2B;2023-09-07;FBN6EGeamcjv7wFNtJht0qWIIzmX-hnV2QgBVnGVhPE
2B;2023-09-13;FBN6EGeamcjv7wFNtJht0qWIIzmX-hnV2QgBVnGVhPE
2B;2023-09-15;FBN6EGeamcjv7wFNtJht0qWIIzmX-hnV2QgBVnGVhPE
2B;2023-09-20;FBN6EGeamcjv7wFNtJht0qWIIzmX-hnV2QgBVnGVhPE
2B;2023-09-21;FBN6EGeamcjv7wFNtJht0qWIIzmX-hnV2QgBVnGVhPE
2B;2023-09-05;Fu7w5M2QEnVsYdcOTqF99dPmRo-YGVwJDOekKtW_BAc
2B;2023-09-07;Fu7w5M2QEnVsYdcOTqF99dPmRo-YGVwJDOekKtW_BAc
5C;2023-11-23;Xff1jqDliDAxc7fsjz4a9RPIJ92j8O2JTXcZml4kmEU
5C;2023-12-04;Xff1jqDliDAxc7fsjz4a9RPIJ92j8O2JTXcZml4kmEU
5C;2024-01-25;Xff1jqDliDAxc7fsjz4a9RPIJ92j8O2JTXcZml4kmEU
5C;2024-03-26;Xff1jqDliDAxc7fsjz4a9RPIJ92j8O2JTXcZml4kmEU
5C;2024-04-02;Xff1jqDliDAxc7fsjz4a9RPIJ92j8O2JTXcZml4kmEU
2A;2023-09-21;cvhwwrJ7YNyWd6vVTa886ZGHPeadd72aotGUxO3P-0I
2A;2023-12-19;cvhwwrJ7YNyWd6vVTa886ZGHPeadd72aotGUxO3P-0I
2A;2023-12-20;cvhwwrJ7YNyWd6vVTa886ZGHPeadd72aotGUxO3P-0I
2A;2024-03-26;cvhwwrJ7YNyWd6vVTa886ZGHPeadd72aotGUxO3P-0I
2A;2024-03-29;cvhwwrJ7YNyWd6vVTa886ZGHPeadd72aotGUxO3P-0I
6A;2023-10-05;I0g9FsiZISAZogVFz7k2h4WvmG2_tNNshWd2GdR-iQs
6A;2024-01-23;I0g9FsiZISAZogVFz7k2h4WvmG2_tNNshWd2GdR-iQs
6A;2024-01-26;I0g9FsiZISAZogVFz7k2h4WvmG2_tNNshWd2GdR-iQs
6A;2024-02-06;I0g9FsiZISAZogVFz7k2h4WvmG2_tNNshWd2GdR-iQs
6A;2024-02-08;I0g9FsiZISAZogVFz7k2h4WvmG2_tNNshWd2GdR-iQs
6A;2024-02-12;I0g9FsiZISAZogVFz7k2h4WvmG2_tNNshWd2GdR-iQs
6A;2024-04-09;I0g9FsiZISAZogVFz7k2h4WvmG2_tNNshWd2GdR-iQs
4B;2024-04-26;DBhZzjjKoAHCYqkYhYxx72oXkJ3IHKUhagBJnREviiM
3C;2024-04-25;-76Ox6E3QPlYEeZC1FlqXjfy-inRpcssGvmJOrjq3pk
3C;2024-04-26;-76Ox6E3QPlYEeZC1FlqXjfy-inRpcssGvmJOrjq3pk
2A;2024-04-23;dS99cEPZdJ7rs3J805lUZq8nYZXS6adUa-UDZnVw3XM
2A;2024-04-24;dS99cEPZdJ7rs3J805lUZq8nYZXS6adUa-UDZnVw3XM
2A;2024-04-25;dS99cEPZdJ7rs3J805lUZq8nYZXS6adUa-UDZnVw3XM
2A;2024-04-26;dS99cEPZdJ7rs3J805lUZq8nYZXS6adUa-UDZnVw3XM
5C;2023-12-08;6g3cqG-wW1gNfSprVjMJ3x0KYyIb8PoH99kev-dsOhE
5C;2024-03-26;6g3cqG-wW1gNfSprVjMJ3x0KYyIb8PoH99kev-dsOhE
4B;2024-04-04;SDrata6mhqk9Qgak470L6AWgU6MJ4KDLZVk_6NEJwYg
4B;2024-04-05;SDrata6mhqk9Qgak470L6AWgU6MJ4KDLZVk_6NEJwYg
1A;2024-03-26;ZzZvoyMYwrVbciTPVkzMLv0vxPOEcR5cgsfowxSs3WQ
1B/C;2024-03-26;xkfZC8M7V2xck6tJFMrDiyp_87Mm80smQwhClbFJdsQ
5C;2024-01-29;hwQN5f5Ts-VkVdpkpJ0UJ2kSbJ3MxkrnKBw2o_Qhm-g
5C;2024-01-30;hwQN5f5Ts-VkVdpkpJ0UJ2kSbJ3MxkrnKBw2o_Qhm-g
5C;2024-02-01;hwQN5f5Ts-VkVdpkpJ0UJ2kSbJ3MxkrnKBw2o_Qhm-g
3A;2024-03-26;utPLMde5vIIS-xggFM1YKXPNkpEZZMfBEXvlbgpv0j0
3C;2023-11-30;jcP3ELktQ3nl90WgfmK-XgFHjsGUsXfVYA4S2NHJ1Xc
4A;2024-03-26;DRvJbEBKMlb7iveF4U0UOwmW8mX6XbciE5MBwR-gKW4
1A;2024-03-26;osRq9D-3-bIyPNSAIcfyge_bCzM2oz9UtCCe64mB1ds
1A;2024-05-23;osRq9D-3-bIyPNSAIcfyge_bCzM2oz9UtCCe64mB1ds
2B;2024-04-23;u5aqcItw1tIc_vFh2J_j3y3ogg5X_enSky9OALFL5Dg
2B;2024-04-24;u5aqcItw1tIc_vFh2J_j3y3ogg5X_enSky9OALFL5Dg
2B;2024-04-25;u5aqcItw1tIc_vFh2J_j3y3ogg5X_enSky9OALFL5Dg
2B;2024-04-26;u5aqcItw1tIc_vFh2J_j3y3ogg5X_enSky9OALFL5Dg
2B;2024-05-17;u5aqcItw1tIc_vFh2J_j3y3ogg5X_enSky9OALFL5Dg
2A;2023-09-27;77cHeE_kylTwAOgWVO7M9LXssQdOVaaiFfSvYf58Q7U
3B;2024-03-26;rjuVnjSrPhmd3IdCOTnQADLuuZ7OSZYYxDfyRyrOFSM
5C;2023-11-10;SKWADw3ZDTt4N95AgyJS7u-dgb1gC6xks0a0IXLtAWM
5C;2024-01-25;SKWADw3ZDTt4N95AgyJS7u-dgb1gC6xks0a0IXLtAWM
5C;2024-01-26;SKWADw3ZDTt4N95AgyJS7u-dgb1gC6xks0a0IXLtAWM
6A;2023-10-05;3eq1lZCw1T_-HiV3qx5HiDzFS_jvnETvMjaDF7QpMR8
6A;2024-03-26;3eq1lZCw1T_-HiV3qx5HiDzFS_jvnETvMjaDF7QpMR8
6A;2024-04-05;3eq1lZCw1T_-HiV3qx5HiDzFS_jvnETvMjaDF7QpMR8
6B;2024-01-26;2qusmN-Q52_yFriAED4-fiQWhOOFgOju9xMwIBBRq7o
2B;2024-04-23;x-RhaHXRY6LN0RDu09Zumac75P85fYGy7jMF9s4UwoA
2B;2024-04-24;x-RhaHXRY6LN0RDu09Zumac75P85fYGy7jMF9s4UwoA
2B;2024-04-25;x-RhaHXRY6LN0RDu09Zumac75P85fYGy7jMF9s4UwoA
2B;2024-04-26;x-RhaHXRY6LN0RDu09Zumac75P85fYGy7jMF9s4UwoA
4B;2023-12-04;0LzJSRzLAkgcwFlxIoBdjAVypUO5_iMEzB_0GFdVdMY
6C;2024-01-18;IhWAoOOAx9i0ROY7HVO_bfl6C1LC_snxEdJFTUY1WMg
5C;2024-01-25;o66K6wuT0VS81ZX8_oFlhLedz_qIsTHViwkjj0SPS3s
5C;2024-01-26;o66K6wuT0VS81ZX8_oFlhLedz_qIsTHViwkjj0SPS3s
5C;2024-02-19;o66K6wuT0VS81ZX8_oFlhLedz_qIsTHViwkjj0SPS3s
6A;2024-01-18;KT4b7Uzob5pJEYNnqCvfeCRic4rEPEPTWFrb0kpwKw0
6A;2024-02-12;KT4b7Uzob5pJEYNnqCvfeCRic4rEPEPTWFrb0kpwKw0
6A;2024-04-18;KT4b7Uzob5pJEYNnqCvfeCRic4rEPEPTWFrb0kpwKw0
6A;2024-06-21;KT4b7Uzob5pJEYNnqCvfeCRic4rEPEPTWFrb0kpwKw0
1A;2023-11-27;f-JAnUKpEjoZvBT7uCnWHaOm3KTDTF7CyGAUJZYiqfI
1A;2024-03-26;f-JAnUKpEjoZvBT7uCnWHaOm3KTDTF7CyGAUJZYiqfI
6C;2024-01-18;B30RLAuR7EpyEFJaWiCeYqb76TB2sbdosHpJ18WdtjI
6C;2024-02-13;B30RLAuR7EpyEFJaWiCeYqb76TB2sbdosHpJ18WdtjI
6C;2024-03-26;B30RLAuR7EpyEFJaWiCeYqb76TB2sbdosHpJ18WdtjI
6C;2024-04-26;B30RLAuR7EpyEFJaWiCeYqb76TB2sbdosHpJ18WdtjI
4C;2023-12-04;0s3jSuf4b9jpiyEiahxcP7axNjzh0Y1X86OD-OqpXPA
4C;2024-04-09;0s3jSuf4b9jpiyEiahxcP7axNjzh0Y1X86OD-OqpXPA
1A;2024-03-26;GDDietQJISvCsR3bK7Hz_EofL5x2lA2XMV9zVe9YYqg
3A;2024-03-15;6jEoT3pv-1HDslRgN2WVReag0gIH7DwUosAUbY7_QO0
4A;2024-06-03;9OJQdDVF08zIKyazCUDDCPSx6mFKDc1A5Mmy0ARqtyw
6A;2023-10-05;2GOQP4QBOXhn-w8FY3MBtM-PpwfhzPWKKc46TFacXWw
6A;2024-01-25;2GOQP4QBOXhn-w8FY3MBtM-PpwfhzPWKKc46TFacXWw
6A;2024-01-26;2GOQP4QBOXhn-w8FY3MBtM-PpwfhzPWKKc46TFacXWw
6A;2024-03-26;2GOQP4QBOXhn-w8FY3MBtM-PpwfhzPWKKc46TFacXWw
6B;2024-05-24;2GOQP4QBOXhn-w8FY3MBtM-PpwfhzPWKKc46TFacXWw
5A;2024-01-25;V2GiFCul42pl0PmgZgikbf-os7aUUX7UI9H-zLHs-Vc
5A;2024-01-26;V2GiFCul42pl0PmgZgikbf-os7aUUX7UI9H-zLHs-Vc
5A;2024-06-24;V2GiFCul42pl0PmgZgikbf-os7aUUX7UI9H-zLHs-Vc
2C;2024-02-23;AHHdt_ZnU2EZrFs1c6vriesSFI8GwBnPlh7YUYQbeJI
1A;2024-04-05;IV4vrB2AXHzvZuzNG-VBemYYgbeSn6Atfn3JHWm7urg
2A;2024-03-26;dCqc3JW_nfeAXFM6epp2XfTQd_MIhKr9yySxuAx7MI4
2A;2024-04-23;dCqc3JW_nfeAXFM6epp2XfTQd_MIhKr9yySxuAx7MI4
2A;2024-04-24;dCqc3JW_nfeAXFM6epp2XfTQd_MIhKr9yySxuAx7MI4
2A;2024-04-25;dCqc3JW_nfeAXFM6epp2XfTQd_MIhKr9yySxuAx7MI4
2A;2024-04-26;dCqc3JW_nfeAXFM6epp2XfTQd_MIhKr9yySxuAx7MI4
4A;2023-10-13;wSyw5s6KdM4ay7kp44Gd-sswqn72jMHnYT19xwiEvp0
4A;2023-10-16;wSyw5s6KdM4ay7kp44Gd-sswqn72jMHnYT19xwiEvp0
4A;2023-12-13;wSyw5s6KdM4ay7kp44Gd-sswqn72jMHnYT19xwiEvp0
4A;2023-12-14;wSyw5s6KdM4ay7kp44Gd-sswqn72jMHnYT19xwiEvp0
4A;2023-12-21;wSyw5s6KdM4ay7kp44Gd-sswqn72jMHnYT19xwiEvp0
4A;2024-02-02;wSyw5s6KdM4ay7kp44Gd-sswqn72jMHnYT19xwiEvp0
4A;2024-02-06;wSyw5s6KdM4ay7kp44Gd-sswqn72jMHnYT19xwiEvp0
4A;2024-04-02;wSyw5s6KdM4ay7kp44Gd-sswqn72jMHnYT19xwiEvp0
4A;2024-04-03;wSyw5s6KdM4ay7kp44Gd-sswqn72jMHnYT19xwiEvp0
4A;2024-04-05;wSyw5s6KdM4ay7kp44Gd-sswqn72jMHnYT19xwiEvp0
4A;2024-05-31;wSyw5s6KdM4ay7kp44Gd-sswqn72jMHnYT19xwiEvp0
4A;2024-06-03;wSyw5s6KdM4ay7kp44Gd-sswqn72jMHnYT19xwiEvp0
4A;2024-06-04;wSyw5s6KdM4ay7kp44Gd-sswqn72jMHnYT19xwiEvp0
4A;2024-06-05;wSyw5s6KdM4ay7kp44Gd-sswqn72jMHnYT19xwiEvp0
6B;2023-10-06;Le-08H1cTc1iW9jCS0wNnVpfaUiq1JVaFPkuu-0vbPA
6B;2023-11-16;Le-08H1cTc1iW9jCS0wNnVpfaUiq1JVaFPkuu-0vbPA
6B;2023-11-17;Le-08H1cTc1iW9jCS0wNnVpfaUiq1JVaFPkuu-0vbPA
6B;2024-01-18;Le-08H1cTc1iW9jCS0wNnVpfaUiq1JVaFPkuu-0vbPA
3A;2023-11-24;16YEqNkBiNkFAEWl7nNojK2nqAvn0YKJZw4kN2QlSuI
5A;2023-11-10;D-HnWq73AlwlZQL3gNvj_gF6dNzvlOwjdqgbuHLF1Ww
5A;2023-11-14;D-HnWq73AlwlZQL3gNvj_gF6dNzvlOwjdqgbuHLF1Ww
5A;2023-11-16;D-HnWq73AlwlZQL3gNvj_gF6dNzvlOwjdqgbuHLF1Ww
5A;2023-11-17;D-HnWq73AlwlZQL3gNvj_gF6dNzvlOwjdqgbuHLF1Ww
5A;2024-03-14;D-HnWq73AlwlZQL3gNvj_gF6dNzvlOwjdqgbuHLF1Ww
5A;2024-03-22;D-HnWq73AlwlZQL3gNvj_gF6dNzvlOwjdqgbuHLF1Ww
5A;2024-03-29;D-HnWq73AlwlZQL3gNvj_gF6dNzvlOwjdqgbuHLF1Ww
5A;2024-04-09;D-HnWq73AlwlZQL3gNvj_gF6dNzvlOwjdqgbuHLF1Ww
6C;2024-03-26;1JMGMHj9u5ty0mfMr-cm694e6Gethh9wuZXJpuh3ewA
4C;2024-03-26;GrWlHNcc-SXgXAIjrlQdGdQih2VOSEjE-E6r_yqDnXw
3C;2023-11-07;53h5czvm_eRrOsyHhynUg0si2FOz9m3MIylFqYi1PO4
3C;2023-11-30;53h5czvm_eRrOsyHhynUg0si2FOz9m3MIylFqYi1PO4
3C;2023-12-11;53h5czvm_eRrOsyHhynUg0si2FOz9m3MIylFqYi1PO4
3C;2024-02-12;53h5czvm_eRrOsyHhynUg0si2FOz9m3MIylFqYi1PO4
2C;2023-12-08;piTjDzFhdq7TF3uc8GFpc0l7HGWEp9Cw1STqtUAdy4c
2C;2024-04-23;piTjDzFhdq7TF3uc8GFpc0l7HGWEp9Cw1STqtUAdy4c
2C;2024-04-24;piTjDzFhdq7TF3uc8GFpc0l7HGWEp9Cw1STqtUAdy4c
2C;2024-04-25;piTjDzFhdq7TF3uc8GFpc0l7HGWEp9Cw1STqtUAdy4c
2C;2024-04-26;piTjDzFhdq7TF3uc8GFpc0l7HGWEp9Cw1STqtUAdy4c
5A;2024-01-25;cuISFgmg4GZvz368mzW2OlRi9wPLxtQxzBk8PYYF4rc
5A;2024-01-26;cuISFgmg4GZvz368mzW2OlRi9wPLxtQxzBk8PYYF4rc
4C;2023-12-19;xA896d0e-bL8Jd9jWmmom8KaYtGJIoDNCAO4C-gFlfU
4C;2024-01-16;xA896d0e-bL8Jd9jWmmom8KaYtGJIoDNCAO4C-gFlfU
6C;2024-02-09;JuL-V_MNPlHxqX6_y9n9PbWEy2gSgPvzTO2C7gsif40
6C;2024-03-26;JuL-V_MNPlHxqX6_y9n9PbWEy2gSgPvzTO2C7gsif40
6B;2023-10-06;SwLsoT5olRyjHTxXFMRoBoH2qJNiSDtj21pfWis_oUw
6B;2023-12-01;SwLsoT5olRyjHTxXFMRoBoH2qJNiSDtj21pfWis_oUw
6A;2023-10-05;uUaQxu4F6wnSSqh3U_3MD25buuPNBpimUtK9CVSCO5w
6B;2023-10-06;-YFmqgZVsV2oUpgKhxn0cE4yjWFy3gbRBTnDCuWC4Yg
6C;2024-04-26;FoXx4vwjpX6GqgT1APBVqD7hPRW4XyrgLwG7Rr5-DJY
