eleve_id;date_naiss;classes;sexe
cOEtYHptjUxWchHTfvof0dyKnZzEkEypQkjoamXFzgM;2006-05-24;Terminale;M
kVJ4BveOPRgfLdAEaiM4T6gYYiJxH75-k5sMkjWMRlA;2006-06-21;Terminale;F
ATCMqkn4IxyWnEMJMyKB3600qID0o8QzGH9SB5JVbu0;2017-07-20;nan;M
rZOPuQCY5TujsGawN7vmueWpLQtsPOMj0Ear5CDwXpA;2010-10-14;nan;F
muWt2HW31vD8d58lLHQSzjxmcx0uov7H1GHVkfSeqHk;2018-04-29;nan;M
XsU1KdAl5QgIx_di3xx-djOl3aLVTf7t7Gj2AvygRkc;2012-05-08;6A;M
ww8mP6wci6pu9RRqK6lcvQQHXgUF0D3t8YtsbDWAEcQ;2012-12-10;6B;F
fIt8WCE2mRt8_OGeNI7XmGCNbRmtwwLA5cDOusKUsfc;2007-01-07;1B/C;M
vd8LcO0A9RyLfTqAW9YSqfwGdKPahdZeTasrJgOoR-s;2007-07-11;2A;M
WS4WDhmqO5Qcb0LibUmX64_gzrBx85uRjceQHJarop4;2007-10-23;1B/C;M
yCIAkn6YiEr9R-QONCxcgAf2_yIROwyHfepoHzzaW34;2008-11-13;2A;F
D7MBjAxD-iJj8Hmo8vD5URgkzYrqfVHjjfBF9lwC_Q4;2005-04-08;nan;F
tWBZ8shj6htWzGhwzswm0wMIYCdOAHTCRzGQsqG962E;2009-12-26;nan;M
9aboz2vSFuXu8Y-fCFsCb5kO1x4Vtgj6PAGNqKiVG8A;2010-11-02;4A;M
xcdxzhLch7KI8G7nz5ZR2YAGWnirP87bFTGzTlAkR6k;2013-06-02;nan;M
YTJheOHtAHigtQ0-xd84VTg-Uw4cr38Gpl4zxEwoZF8;2009-09-19;3B;M
NZcB_NWzkvNVkWJH9TOsDyIGhYeeboQeA_RLko22wpY;2015-10-31;nan;F
lACVxPUlyoyJlKmJHYGXlF02Gw_rtaJPWFCdlMg0QVQ;2011-10-31;5C;F
KNiNLCREGDsYS3JfWj8YTNiZNglU1-ynSVLXYPn4I7Q;2013-06-02;nan;F
FWpkmOpwz01EUkryFOYmxwTOeZsjWJ8pgO_vYpVM6Fs;2015-02-06;nan;M
wJFq36b5gH25x5Dv890k30LX4xLU9ZLYlCwnleBE5Cw;2017-03-24;nan;F
Y1aZFzPtgmblJDWihsoD-JdAxOmf9--cpMvWZ5sLIhw;2016-03-29;nan;M
fplKmk-zsjXzqqW650VApjy7Zi-ra2brL1rD8ZYeqWw;2012-02-03;nan;F
nuFT7gYW8a0DBH_0pPsXQc3O8C7L2A_HL2OJFHdUhOg;2013-11-09;nan;F
JiugwMIvJyLVdvE9P8KWtAcRVNFAreRZGBpjlokQtA4;2013-08-22;nan;M
x98XOvwoNyehe5aGZFC4QGm8ZPyM6Sof0LJwXpfNP-c;2007-10-08;1A;M
qFM3VKtuhvVjtKOZV821-RK_Pc5_ymt5aBeC1EBXuFQ;2011-03-09;5A;F
sS0xp35dB4R0oCpR6MKfzqqgvkKWgwXtYKICYYuZmWM;2012-05-28;6A;F
IE5czaM5eqGcurQ3enbVlHDxYSPxeyxdgs96uGY3kV8;2009-09-16;3B;M
DA3lFXuYQCYoNE-0rWpXUg5UnTFsd-Tgm-HBtpd-s9k;2011-12-22;5A;F
nUWMHnTMpYd4-z6HVzUITemOix6Jl3TYS1d4sFgbExs;2017-10-30;nan;M
TUUcSkuuTGxNEi80ls8WXMH_DJCBsnXvjSvTQle4Yb4;2008-11-16;2B;F
1Iajm6QBIbny62jjeJtVQ-AWwdHA-VXyv9bC_B0boVE;2011-01-19;5C;F
geP3dvwhju2coxz95QgJAYrnucPl30Vk_ET6eul_Nog;2012-11-30;6C;M
SssIp77lSqu-csQAdljrccYIGSpCUoZdw-Lcr87vgZs;2015-12-17;nan;F
Wcv-LGZa8cjaMN8Qs1fgAw91nICobomNCcag577rDCI;2007-07-03;1B/C;M
0UGscSZ3Vm7Nrp8WZ6JilN_Yw7StpEGcUpuGQB7x3D8;2017-06-07;nan;M
vHiKJedL8UWFCxEoClr0ZZmAs_UYz1-IXecIBRQoTFg;2012-08-07;6B;F
OOpRCRxvrwoyfys-Yh0wxX2Tbib8y2cclwOUWTh78Rw;2009-12-20;3A;F
0KKBKLP8YKH8y1iOxusjfq4YYltI9NEo-1By1V3NF9E;2010-02-02;4B;M
tPttCr4FdfOwDWhWFi2ScH154wk2iSBdx6Eqj6z2pRI;2010-10-20;4C;M
Jmb2Zp7OzViHfStfxbPZejJQGwNhalrYDPUL9ackCNk;2009-02-24;1A;F
g34-PymcwTHigMQA-tcOWM7lTXmazA41KO7I5TfRLS4;2006-04-19;1A;M
DBfFcnxeAIGO6dvZxYyGsnZkC4qKkVNaaOkHgowGfSk;2008-05-28;2B;F
39WxASZcZjpS9xdpxgAqVJZUz15fmNHYgr85LSvmZCU;2015-08-03;nan;F
L4QL8ltgetnUp0hCH1kvkkOXLhS4gL5w0theSjYVYc4;2007-07-18;1A;M
zTthA_6HpNp0Q1J0ixKTaL5gl0YFBod_MdLcLK1u4LI;2014-12-13;nan;M
Rfztdm6XGvoJyTPDL-n8nmI6nOxUTiINgZiJsxRtWko;2013-02-10;nan;F
qgwfXNdiOgmo6UyG6fT7cI7fJ1wUo69HgjuIZWAqXmU;2012-07-17;6A;M
svgIZkFdvEA614tScOOGaJFyVxTJSfB_1vA_2B4tc5I;2012-07-17;6C;M
kpWZEFB3rSR5WcZsr20XHb1xKtRFde52qg2fgUF24yI;2012-07-17;6B;M
Md0C_U3nCy4cLhtrytEfaVFMe2bwc6jneeDjEGhQeeU;2010-03-03;4A;M
zl5tORI3RxLTCoD0ZQDza_5AjGlnoSaauqRgsguzh4U;2012-07-17;nan;M
PwlFp6DN9CXd4SD6LjhPyHo96AZr9g7Wes_0BXvVksU;2012-07-17;nan;M
vCpq2UgVpoeRmBz9h1PtqQHECbjAyGDSHNybOrfVZos;2012-07-17;nan;M
JREvauLrUoqP3RwmlQR6TtzRviBGcncqzavIJigVeFo;2008-12-29;nan;M
U_KBw26ilo4hlUmBWlNj4EgLPJByacHZpoGKc2wPMJU;2010-03-05;4C;M
HXL6htUZdCZ3GIxPuwbN2jxXe4LqUAGKP68kJGiT3Os;2013-05-24;nan;F
suNdCZ3D03WYe0rNab81_oBDhE4Ds2-9AhnwrHuCb3Y;2010-01-06;3B;M
vW_M2cj2HsKw75JdCYmu1dTpDXoFcfwug4d4zcOUVSw;2008-06-08;2B;F
QEbWXwA71sHvthHjRJ4pjXf7yK1r2oAg2P9EeNnqglI;2009-09-01;3A;F
5tBLiS1TX3ckO4BvHgsbmumGi4AImkGDlE8lzU1NQwI;2011-05-10;5C;F
14KToI0tyl8jO9tTPSB_Nl4BnLEW_8rkNX7g0JbhtXA;2012-01-12;6A;M
pnOYSPGqDnfTkQybynIme0aPiD7XUtwfGe8_Cr3RsiQ;2012-03-08;6B;F
D5G7KYQ3HwW0OFAlkkm-NU8nmb237DheDYkml1V4-ro;2009-05-21;3A;F
2Tm1cjBumw-ZdqAM4a59ijnW-1oGsIaTZGsZWfJW-DI;2011-04-21;5B;M
lNEJ5a05KaUVUoLSYuMlQPkOfjII_JkqOjvBm4EPRr8;2007-08-13;1B/C;F
M_jP9RdLEO2IebxVaa0FarH0S6G_V4285Eekfi8KF8c;2008-05-29;2A;F
TY7wH8ztdhcqtMyUcfu3fVFYyyiCBeG7WpX8FZD_5KM;2014-09-09;nan;M
Olj0Ltnts99LEMuklkz3J_EqOSF96tasI-LMv4AluU0;2015-05-21;nan;F
but9s_pvFy-I3yRkE6gVi5r0iO1NPEGYVdDhi3BXGAs;2007-03-29;nan;F
k_RR2fAZfe7wwOhnZc_F2UqDvgw60Um9QNYgoE_efOM;2015-06-10;nan;F
rZ5t5JFui3cySDCeQKCieHP7chwn2XjFxDTpzWECh8M;2008-10-30;nan;F
1dKBiIS_IE1jWjphvgwpiwSfyt3hLSxGYIbn_xS1sS4;2013-01-21;nan;F
xKhhMC-YLHuiAmcOgHYCvRdP-3sB6NcrEESmcOCTjIk;2006-12-25;Terminale;M
7WcyshLbAMC1hAs2lhYjaj0HJeegDFKHkMfcT9PBNHA;2014-01-31;nan;F
ZxRA3tQFXR2JmSuXCiQMEvk7uXEPTGKLHHiXttEEL7c;2015-05-07;nan;M
va164Xf69YB3EVoGYmn9ZH7nwQ7YO72G_k0HdHRAOZ8;2016-03-21;nan;M
Jwf0xQUvQW-fARLOlH_jmCR1RcpfL1kBaDdPxM0nF1o;2014-05-12;nan;M
Uy6e4GUVxQgWxrJjiUA73GVuFtpzq7j1qtv0e8-gxXs;2011-08-18;5B;M
EQ-frbuXUubU0pa_LkVPT8CLIaPTJQMRnbBoIOyeUI0;2011-02-16;5A;M
uGsXQRaoRIGR1l98issI_ga-kyi2O74i3FNKYZCRexQ;2007-02-15;1B/C;M
cgNR-1My2greON5hP6rjr3twfqcuGwyHAPntVI1wVWk;2006-03-01;Terminale;M
NhVdB1aqNnGMlkG2_R0da8ckxxHOwY4szx4A9c-g4TQ;2010-10-12;4A;F
H9RKCOKPBJtb0rfMUHT9wa-a6nV6fYuApDS0uANqPf0;2016-08-19;nan;F
qu4lOoPqwQNcUbPfZEq-xvItFca1v1IRfZ1WGCM0Kwo;2012-06-15;nan;M
H_euoKbCaEqXVKQ3jtX7_Z9LaA4YN_Tj7-FHjOpAZqY;2007-03-23;1A;F
5P9P3X6iN4hcbsDt3sEDVHPDB55AF8FWSLUJXi2ObDM;2016-01-04;nan;M
2keK1kYJilcgb72YqeQNU4Xk3jAIzOpqThOyEhB-5vs;2008-10-06;2C;F
Awk9br372p0Drj8r_AWXqlxBx-DzywZzOCH36mZkomA;2016-10-22;nan;M
K_4OKrHF9AfIMW8Aktha0ti5S2jIhYzJ-KfEzVm1sGw;2006-11-25;Terminale;M
WnWdReOT0ATRFwAZDTjHUjtgqMLuQPG5FFp3dm-tcGQ;2012-08-13;6B;M
TR2zm1Nbrx8P_DOJCMx8d3mi5F_9uINT1tOHUIiyD4I;2009-08-29;3A;F
rCQ6CzAbLrwDryL5-vw_7QXkLT1qK4ujF3zrOsgU3fE;2007-05-06;1B/C;M
UNYysFdyUK3Cc1r55FR97QHwDYaCzHSzfsrJvaCh3Mo;2012-09-02;6B;F
YFveXouAAW4ybJ3DHojjdzi--DbKgFGYyv3TKm7b5Y4;2008-08-13;2A;F
E7_V-gkjlXYUizA14hKYZ2ps6R0jcAb0B7NzyRFxXtM;2012-03-02;6B;F
5mGFk-eJGXpzZ-h-HKaOKSWUFuY1Y5fAINU-B5xaBk0;2012-05-02;6C;F
QoHj7t0BrPEr5cfr_rnnpjKm1k0HTw1JVHiiXB0okfw;2008-10-24;2B;F
2AfnzR7r-O3GWRcsn0qPnFH-Hg4yK8PjDlJCVmv2OsA;2011-05-20;5A;F
osIvI_JEJOD6Y1PCpxNIMKIoyBdrIlJ313piuJQoiXE;2006-04-20;Terminale;M
uhvTKiNaSIfYnwwFjZZiA09hoWwc4xEb2D6oM53irFY;2011-11-07;nan;M
q7wwrdJtY_UGJVhZ6RcX1has4r79DmXNdY09RQtUhzU;2009-08-05;nan;M
CXMt2bx6oybDPXMgXioqlPOLktRr8bEAcwx6qZz71V8;2013-03-26;nan;M
H3biPuhWulbCYPsxaoklCDjVCx2-qxQ3zMGRU99oZcQ;2016-03-12;nan;M
-RQUv84cbrrRzogvrjfxWBNbI5w8GGCSaXV8nZKOWh8;2015-02-15;nan;F
X3lV4el3-eklBI-UukzARcuhEpOFyP5nr9FuTlJtBy8;2016-11-16;nan;M
y3UK9oeFmZ2NF-gvoJCNoTXe_1WJt6NuRV1dNdOt7gg;2015-01-07;nan;M
IcqdYEL3ahX4Stvd0FBqgannscXHWA9UZkYtBf94q8I;2012-03-28;6B;M
DmBovaUqf6iM0qkaJLOSSAWfvS6eeFmmZbQ98ClQHEc;2010-01-03;3B;F
qzTGiMPfFiaaQx4ewtjReT756or3BGd-FRgWqzV_xms;2014-09-29;nan;M
FjIUJIndB5JoRtBnBqEIrAR4w4wg6qhzpZUQzYZtfM4;2017-08-19;nan;F
fNXnS4lHJDS49rp-O1ZBDBQMKLKA19EFqOKBr4_4Q6g;2014-09-01;nan;F
2ktKKn2O3H5jjjVut4ULR_AL703b5DDVtdsgjXQrdCw;2017-11-17;nan;M
eHk6_O1dJvP0B-64CWYsBkXcGAnia8QKzrDkmzAgMZM;2018-06-19;nan;F
RUUGxfydynOS74kOqwrHPtv-D5BNg10NgFG30ajFlE4;2008-12-25;2C;F
02wcrI0nZSYiwRuhkHrF4X_QtV_cZaIUaJZVyvEFF54;2011-10-24;5A;F
PKZ_D7VR_-5apOy4vnfG7CXSyV2hdftzyqA9lFLazTE;2014-04-03;nan;M
f7ivCKQZ7_UW9R1nnW5Xn05qiTtpZmUC7ywgA27iy18;2009-03-25;3A;M
MassXOJhZA5klpkJJfbvRBoMg5b2iznJhNknGZBtoRE;2013-01-05;nan;M
EUU89lud9mdUJIgd4nlnFpI9-H7ZFC9DRq_nGaAveRM;2008-04-30;nan;F
U50p0lNKnEbWyE85rQA22D3fE20Hs4WmI2rW8JnP5TA;2015-10-06;nan;M
1-UEHEtw5UWo2eAhIYTjLfFMmRyOLQ-7TsUm-9_xKSo;2018-09-03;nan;M
bW4s0Ya3-Xp8FyhAK0rvBm8fBkosG1-FZFG4ogisGpA;2014-06-05;nan;F
JYaEiA8WUtdpS2NxoGsk82x1Sj97KaM88b7_--J6Q8E;2013-08-25;nan;M
bAlHwRB6EDjZiRPueOs17faIQojKM6p58P343Kb-ev0;2007-12-12;1B/C;M
xYXcW5K9kFaoGy8baVocvEJRJhk_HujWW_7lgzNl1f4;2010-01-29;4B;M
LlOmyhKkbVI8ZkklpJ98gfOfOJobnZZmOQcSmXUOJW4;2011-11-21;5B;M
ejWSCmxTavaT-VI0NtMbG2192BlhhT3hvUCcQcbu6FQ;2016-09-24;nan;F
Buv-8RvkWbGbB83XJLMRLJfzOXjupnFjeiEC0_0a0Og;2014-09-27;nan;M
8MANx-8Baxvs1dDdbRCTxDFqgnJQ_OU5z2cKYiLIjxo;2013-02-16;nan;M
HtKhQEbXr-ZPdVF5mwbtnYfSsijGx2cxwVOFijr8eTs;2016-07-15;nan;M
qkByPA_bmci6aflXasBBKWxEcSMXxE-22vC2HwTbdZc;2013-02-27;nan;F
-Rp0Clmjjw_4XIgZcUjeR7qAW7zLavv-uDamWmsrzBY;2016-09-13;nan;M
X5U5SoOsPQeBwPTuOPGOZpYR4pGyI2RpjF0hbX3R0Kk;2016-12-15;nan;F
IkrhXAdpivMjx5sGBRCFfYOAZsappgetIooBLX6bUoc;2013-10-15;nan;M
zArDiWDWXUpuI8uS_XwMC3RuLcSEkjupPgc3yK2SfA0;2017-06-19;nan;M
xzienFJHJ_npw8jUqi9s8l6NZlMXfhQAe_BRmIgg5mQ;2012-07-30;6B;M
CVsMkOY6lLQQTtg-bZC24mmrPpQ96c3wTsmgqI5eBtU;2016-08-11;nan;F
HZGD1StWGrE9EuxA5d2HSNiX0_eiS2O08ai-ICPBg4k;2014-12-11;nan;F
U1UmtU4TW0FoLZSh9w6VnKzrfCIE3zPcKwkND8X2NHM;2011-05-28;5C;M
mOPoULew2VUs6C9VsaRnMdDHwvIYgVH2risYJ3NZ_Tw;2015-10-22;nan;F
k1lnTkV2-iZcx296_9_tukkC5UHBpbN__y9PmaA-Awg;2017-10-27;nan;F
LhakXPNYUWOkwk-dU5ggNDKPA2C1IPrIf-ejfHTJezk;2013-12-26;nan;F
BsF57gSEcGBn6ZJO_JgaqlhoipWo41hjAZcc1VpllVQ;2007-06-12;1B/C;M
3hF9OhdIsfS9HdULGIca2HLmt_UGkIwIe76vVDsYS74;2010-09-03;4A;M
M_dfb_cusVE8FUwHIR6wNBQVsTK96E2GDKV6cxHciMI;2007-08-17;1A;F
j2bh2ZNs7WW1MYGF0CActQsPYPopNSPPKALgLgP3KIo;2011-06-29;5A;M
WxBiDIB5jhTmOIlh4MAtNcooFg-uAGI8YE8ceR3thY0;2014-03-11;nan;M
WWbZcG6MgN8SMh5rJ-mNVz1OWHJIMnV3MUqVWcQ57A0;2010-06-16;4B;M
PFIJWUWWxagMA5Xon8DpVN6QplKMTwoddPj6oScJ2l4;2014-01-16;nan;M
y5BzawHlNZq_H7zcguz5D52uWICkndScpadG-g73Aeg;2007-07-02;1B/C;F
AbLdg2uYiQCW4uy4RksxBxvjBEqtH8zhmkS2kEjjxeA;2010-03-02;nan;F
iOnE7VNmou-7GbE5rDcBMm1guIOA34VbJ4z3DtwPyCI;2012-01-14;nan;F
mUyww1TFvE21gEAlCJwaf49eYKknyLcWQXva870dF8E;2011-09-12;5C;M
zXXmQcjcC45dpYKPlwsCtP6NtS3gTwdkmC3pZUtXaJM;2009-06-04;3B;M
C4ludNf__oqEioDrUm86aa2-3NqYjUW4aibwwQMvIlQ;2015-04-27;nan;F
Hr7_V8vOdgVctO--3DHVHggrSBWANOxk8VHIu5QE5Rw;2013-09-07;nan;F
xc5vWJq-dcX3qFditSy2_EzHv9PGXXNl85_vSHlUE2c;2017-07-16;nan;M
jerRbK6VHldp4YESwlhSw-MQikxeJxbeGHehitVtp08;2011-08-02;5C;F
662vBo-rvekXfCCWaKeIwM5z7HOPj_aI54i0gBes-ZU;2006-06-08;Terminale;M
45yIPpAYnSVOhEGNDJqY2z-f86pmGkD9ubWhQJXKlyQ;2009-07-22;3C;F
gr58m9Shrz7Rs7xUnCs1E9xr0ievSzDAbmFC8G3z6Y0;2011-05-25;5A;M
PygpTCbtBVCVCce-d33bRKh1AzQsZkuIkinf_ZoitYE;2012-02-22;6B;M
Tkah5ePZcjAvbCAQTavjOUBEny4XFOA8COzAkKCK224;2006-06-23;Terminale;M
qgiK9DtrYrmlMf1mzcOvEITnhquHLQ8O-KBeM6RwWAA;2011-12-21;nan;F
nH6MXpxtleq-G3YH94jHfhIEEBxg_2CsCs-Mbk8LG2M;2013-01-01;nan;M
W7IcZNsDJtRLuMwYrpo93Dtx8_TIohr2Oz-Hi7PFrEU;2016-07-01;nan;F
oL5SlOR074xMfGq9Idm2nX384s-kOI8f-sDCWaWcse8;2012-11-04;6A;M
86f3d4aE66ApWTb7WGFnrwp8dOvuKlx1yXSz9ihBadc;2016-05-26;nan;M
ygZPegOCdbKYJSFneXO_HixnI0N4Ozv8hdCW0DpjT_A;2010-01-20;nan;M
CXfor_oxj-6dL0rWhRaQMZjxi-NUALh6Xce9WNuh9Ug;2008-11-07;2B;F
1Vf8DkGXXHgI2o3iJaQev9dPRJZ8qQeernc9TB2vIiQ;2009-04-20;3A;F
-qJCG7RbFJqt8-HgOeVK_oxSorEzZGAkURf_4-r58EQ;2009-11-02;3B;M
ggO0yzF_2LnVVanGTcOVJdI3ZJsuvVI1F8lle1g-Ptw;2015-01-04;nan;M
uPFDilel9NGBDgJXsOioKkB0hCiAZyYy79EniaUpeC0;2009-10-30;3B;F
LGsc1eEyH3qvTvADBOgd54vPVtZpjzy8gfgvLacNO8A;2011-08-08;5A;M
DAWMxSJALUXmKOyZ6ooXs-6k1EGFfPskaCZDiQ0Voqg;2015-04-18;nan;M
pGiS3qXFB9Mhr_mPYeLNWeuMM7fEfOFjlb7p1k_dm4w;2015-08-31;nan;F
DesO1lPd74V-SDIkgiJ0hvGzW36KrDEzZCkNbOymS5A;2012-03-29;6C;M
yuy_iBUijVDYgOkEj41JH9VXgGRdLJqdfDiuohn1Zb4;2015-08-31;nan;F
gQhQljxYGtYVlEUF_MBVfeGdt4w-RFwV98XW0A-allw;2011-12-29;6B;M
r7z2Izf_2Thsz9LSU-roKmTvNBjDBGzQU99ihITiBVg;2010-06-04;4A;M
PpaFZkxdHmFAuCZfhF9QE5JQvla-Qp5Xf2J6U-jIwEM;2017-09-15;nan;F
rfiOnVxuqxr2K93Vy7lQVRx4WtglSI10QARLESYFiOE;2017-06-13;nan;F
YswxOZrqTGLTW_jkdfurfq6pwpppKbTzfyWlvQoHqlA;2007-03-10;1B/C;M
LqCInuVFdEcL7HxFZoewLPLhRCCHO92RTJEtp5-PvAI;2015-03-16;nan;M
qW-30fvsoFsuSZaWUHwBeeXT7otn1HWKygwqgplHqtk;2013-08-19;nan;F
q8hiqlwiL_OEK_FCtlQPoipyIZaWGZbycLuWcVt1XYI;2017-09-30;nan;M
rApmFI7MyQKx1w90vmt6Pq-5_IIU9mqCVitJigMlElY;2013-02-17;nan;M
vgktOXKdsURaj77CzFYgHnCcawC52PUHEIUqE7AJiUM;2011-04-06;5C;M
yMQxub6_8rBd1cYXnIrCwNUkEF6ZLbeNR9Hnvs3RSbo;2008-03-22;2B;F
aZmJgFLOjuTs1ybLQUEcSNef5EqKqYX7tsUlTY1B-a8;2016-06-04;nan;F
aMMXJJG9z1GtMqumo-rmkigRTf93h3Xt5MJU64LgkLo;2013-02-07;nan;F
bQKxTkOvzwi9eg5-e3ETjJTkdwwoXbxAZYOda299Z90;2014-12-15;nan;M
ZGL_X60MrAervwy-THH9EgRapA7JYr5N9ALvdOI-tzE;2015-11-27;nan;M
RY2JKk4a7o4zMkBVy21qkQ2ZDy7ruGoPuW2nVt3SWe4;2013-10-15;nan;M
LzLVkICuVZYtN5tiAdf-K3-7QJ8hPe310RMRAD_YCi8;2010-05-08;4C;F
cf1wBazJBvs_LZVow-UaVMHRRC340YHxA3T3l52u-RQ;2015-03-30;nan;F
w8pjt2SPw9qi893AAMIwvVxmzp1SCFdLoqNksSqILLI;2017-09-26;nan;F
QS_maNEFyRxKfwdfxhgqrrVv-O-EH0VbO4EVm_foKu0;2011-07-04;5B;M
mmRLhDWIbnYaCNnN-THikW9tO2ryLAevllOle2_EFrs;2014-09-20;nan;M
OZejXGt0Lip_oGimmaHgNKPfpSzQYqciAKepYEgoDNg;2017-09-29;nan;M
lhiA7kEsn9i4irLTEaSiZC-8hJVUe44Q-OPrzTf9WxM;2007-02-23;nan;M
QaQo-2jQS36esmOc0ShePK-Bdse5u0k9EMsJvGxxrGc;2009-03-06;3C;M
PSuJtahMgmppxKOOXAZYjejINm9WbWKgWiQn_GESpvc;2015-08-23;nan;F
VFtuthiNHFahbCq83rbreu5u7bu70rDkMsBanwf8Nmo;2010-05-11;nan;M
OnQ47RR6yEeqGEU8w0z9haKbbxV2GTwkIDePUEpKMWs;2008-03-12;nan;M
_WwwXyQxXOBXaqwt6yIFtaBN5PScLeAK0slvhva5P3o;2015-07-16;nan;F
3So7cA1eyjvdAkq00uBfzEOQ87jdg-vi_qM45vXWG4I;2018-01-08;nan;M
ANzdTRrfGGF6-Xdj-jfervFGSKU1M3_Hz_uDT7MXk44;2014-07-18;nan;M
tgXg41x_BJOcxjuzoGH-cgjfx9GpPH_47L1I60x86bM;2007-12-01;nan;M
wJeZ50zR6mC3DQtdVVcErZSpueITulkvSQDQcDCxYto;2010-05-17;nan;M
gJkybZXpHckwjc_MvlxBAem6k7fup-29lrHTxmwOaVQ;2009-06-26;3B;F
C9HclZtteu565GzsH_hJmpR9pQ1qgQ1cln7cyVzzgwc;2011-07-14;5B;M
cWkEuUy-gGUpsE3GEmbCRnY3XlIfm2CsP8k7YFzXm6I;2011-08-09;5B;F
UKkXwu10p5re4pyGz6PGboRdUo_z2Jgo-r-bzpz8pGs;2016-03-24;nan;M
nJP-I79LC2OrDtDdc-TDhqt4idrKjXAlguO8iLvY4CU;2012-05-31;6A;M
7ALoUhsPVQh_j4zlyZ23bmnN2HzdZfWU-3A-6rEZ4QU;2013-04-10;nan;M
eTf776G51UGhAmSI1xs6bzErjPYaP2TPODs-p_hym_Y;2015-09-28;nan;M
ZzxJuLTAOl_Aos3KFST6JxHb-PaQe2uQ0Mp7wAupS1o;2011-06-01;nan;F
3YZKkYjrDmP6cMxx7T_-9Ti1-C8apQY0mqK7L8bUhYc;2017-04-07;nan;F
SSwuBAnH5bL01ZiGi9OghMCmi9pl0MDztTOc_M3gzy0;2010-11-05;4B;F
dCJAwmmEVSyTZ-TIRV7p4WmdkPRDLBpZe31YURcCZIY;2015-06-30;nan;F
uRvAJokJDvibj--T-KcBk5G4VYc4SNNSEhIJIqszjBA;2014-03-22;nan;M
4THGUlr60vDsyrKdCbgHmbTIHBlJAX1glmSnW9lIPPU;2016-10-14;nan;M
QlptsWvHrV89ENlIH77y4_8IhSilm_NMXoZT0g1VFcs;2009-05-05;3C;M
H24pUm1RtbiN70NgF8WA1Y6sPkx7Xcxdtw4Sc8Uzgc4;2013-10-15;nan;F
D79IXvXTkjEMMLwbtXLMjuOvac63YICtipdZxy2PdME;2010-09-01;4C;M
uQ9C1cp8Nih3y9VVwy8HrrAiBlbdfKCv9NF8jUvhU7o;2010-01-25;4A;F
3PnUPu5O5ogWjAvVIfWJaqn1usobyWWxQHoe8e1T3GU;2016-07-16;nan;M
QYlu9FZFBu5bG_yl6XwkwGN_Xa2fDohC4itGy3VD1v0;2007-10-21;1B/C;M
l5cFqJg4uChozIa1H4r6G5m_ETJMkdY00sjL5oaHI3w;2011-05-16;5A;F
dOMYuG01-rgdQBiYwnETCgxiHrbXkZkFFHomgthZipQ;2016-05-02;nan;M
3J6GVvpVqlnNxHuk1fPFOxzpLAHYDxJ7lqKfpMKxk_w;2016-05-08;nan;F
kb35N9MCqqJDHEJUN9gVzofBHBIJ4pcwQsQk1BOxXWA;2012-07-28;nan;M
NdH_wbisUFEzGi7t-H7a-erpGgJ1XMl2nxe97bmcdZA;2010-11-18;nan;F
qqYP_fKldeMsz4OrugeKZQtx7Fky-ztbIjydD_07tyI;2015-01-18;nan;F
gqMG6Y0g_kjIChzdV3mQeXPLR0Ekf97k4KV12P5CUNo;2011-07-08;5A;F
_XKTfVXrekSRORNegWtOz6dkUxtx-ifobDa-ejclpVE;2009-09-22;nan;F
S0-kb7B4ICO4ZDp81MDJ459-xXmH6_-aMoJzCOcBl2U;2013-12-02;nan;F
ll2P9zSrDf223f4jCgF__sE4Fw7BpQY_uM1_QuRdbEQ;2017-04-17;nan;M
nACVtCZ4uoNAadg7xYobgaKmBis9X09zgC0wZA0dMUE;2013-12-09;nan;M
k2yTrUGWC9RWH6rOT5RNrmoOZKAt9YLcXfq-aiCoHSs;2009-01-30;4A;M
j9xqOaonfprNbn8ruOLNV2sJuoBeg6A_4TXOqcbf14s;2008-09-13;2C;F
-p2zhyGe62lEYA5QuraUXHDTUtKCUlY3FqzlPhfn9vk;2012-11-05;6C;M
7AmfDkOHx7u1cJb9SxsZESG6d_qjo-qs3AU22FKvbwg;2008-07-18;2B;F
lVv8bL4TcVwcCKlfdiBBvWGc9pHMEpf3txF1Eml5Fwk;2009-11-24;3C;F
xY14XCMzdIpQ0g__Nzqw2CBgXR4jR6EGS3oYWO8U77U;2013-01-17;nan;M
JOXC2YjFp5s_3rK4kf6VkB8HGICy8GPDfuICquaPPZc;2012-12-27;nan;M
Gd6XMP8Yeq2Oil_Val_gbr70L7Cq3qNTXZpgjtdkP_4;2016-12-09;nan;F
jCnEt2FbQGAn8sW28vh_Oy4kJzl5zOJ0FP9r5UQD7xo;2017-04-05;nan;F
PjqRVdvuF0f67-YmjQuVpwhjoKMNEMllfWaR1OpfVlA;2012-11-09;6B;M
Ydsd3x65iza9ZLJ09YFwpGh_kcmNKwhIgUW59tLxD1M;2014-10-10;nan;F
i3pKy--d1QqZD7kh3zc89ttlY3Yg5Mq2f-BVO1S2pE4;2009-07-29;3A;F
qJvIEwrCGOLkHdqoOxHal5Re-2-lGVvHqXsGbBkkyTM;2015-09-18;nan;F
wfa4DioZPLmJ8FGP5HHVznHrP8Fp47TRo1p3MRnCNHo;2013-11-14;nan;M
vFR3Ob2rdigebRKG5d95Hh4o5gW8gyIPPhmlsX6zq60;2015-02-13;nan;M
mDotgKznhAdvaGgN2qBOCfuMgcLU37uJP0e3znz-sCg;2016-09-08;nan;F
bbgtRCF62jBSWt0Xn4LdVQWnR3M8pHeaUrra500N69E;2007-11-16;1B/C;F
2yeURp9if_vJzx86Yk4815AOw721yKxHBVEoyg-iI3I;2011-11-02;5B;M
pKGK749vJphbsyngmebEB7MXCPY2MZBiz9owgaT7Zd8;2010-09-04;4A;F
OK9GdImzGQDjR3zNB-R_eF2Y5xbroIHKjb2RTm-Avlw;2013-03-11;nan;M
Zb8QfQJnnpx-gSj__Kz0NjC2MlXdr8uXOn-MSLpqOJM;2015-09-22;nan;M
c4eBc5qIjsn-NgKDRmci8xnYuPxWJxL4EbM8j1gBS0U;2013-09-16;nan;M
e9T6crysRTR-1f70JI0u4XixVT2PTj07Hna5y605ecY;2013-02-04;nan;M
n8xpnuCI0rSu6_amGsmOyI3YkU01yXrI-ZrLjAJNZOI;2017-01-03;nan;F
JtHbPBV-Tbd9o9rYxlFWLDpw8BC8Yy8PydUVd9bAkqw;2012-06-23;6A;F
LaRYCt8xNsF6TpzN4Xk4VumCZ4SG3TxMQXF_qpEs9zQ;2012-09-29;6A;F
OhkNd-KOI3aDD6a7waiYWj2brHyU5yptb_n0JLcL5PY;2017-03-13;nan;M
BaKUaGIydZ3odD7VqDTSrKgEuYH8FQn7NPSQa-_VsP4;2009-05-20;3C;M
Wy68zbgrqn7Tz90feRhX8Y42q4brC7WK7KkyD0P6AH8;2007-08-01;1B/C;F
vgEFyX1Kp1b84CuCPvurcF-PgE6z6pFk1R5x3EkNJPI;2018-05-04;nan;M
1AtvBa7LxnX6AG6tJRw7WXDs-4jN7M8OwO1rNK8-Hhg;2016-09-22;nan;F
jg74tSXP-l0VU0tLyijzxbrtC5Oe8LEduYlVNMmMCb4;2013-10-28;nan;F
DyJf1T4yDLgrUi52e67pJRZ2osLJ06bgQGRyybEHGAw;2007-07-29;1A;M
Ez1D5iUtqx_Cw7_CGAMmEJ14nVrp9n3FkIqklnlifUw;2013-07-13;nan;F
pPIjc4yecBE_jPW2Pn8onkq-hRULP7C764n81RWAcQk;2017-09-20;nan;M
ScqKC6xFOx_3F6KNkV52o6Q4uMnm7jTtOqOMfxfHCDU;2011-06-11;nan;F
L--GLfWWRdDHAle8OwoShFElLEXd_jwpGgOsPCVQNHw;2014-07-08;nan;M
b5H9gx6XiEmz3AAlDM8BHljUprWazd4B1RsBy68l5Ug;2016-01-29;nan;M
mPQi1UTOOo69QwVfKEqiHc4cErVS1XdsVjipB911zEI;2011-12-09;nan;F
bRfOLIFdQhZteu-ke5zG_XEfANjLRxgqkm9Qvdcp01k;2017-11-21;nan;M
CKAQr6K1D7sTN1acUK5PKaiSDu5sUhixrAYjyQsIPAk;2013-12-13;nan;F
uz_o_Ioq6IW0SoBsCoGQ3pe8XqM7-Li1u8XMAl2iP_A;2009-04-01;3A;F
rqZiRJvpyrByy3Kde39ZcJ_JuH_Nx3dH2q9fpD5cRrk;2015-08-13;nan;M
8GIr-_B91dN_RXf6N4kiQiLKWD1EEv2zexdpnlEiCK8;2015-03-20;nan;M
iudZ7y6Z-orag_yfVkxSyfx2omwq7j2wnOwdPWvmVDw;2010-12-02;nan;F
i9ZEWaC8rP2MUU7vyA5xjkZxJ3eu4RLKvT9Q2lXpnKc;2014-01-27;nan;F
qAfoydyY9Xqua0T6ynbW3tBczMyS0xXcbcLEa8s6i8E;2010-12-20;4C;F
PZ1Lr9qfkxiZGw1pol46TtgXQhuPQY3VBAGfmXb618M;2008-12-14;2C;M
3bhPG0Uqq0sn8SPzANGrpNMgk7EURX_FRusG0ExXVq4;2008-12-01;nan;M
iAm-C0WBS1mLYn4eZX0CcF9p6BBIQ5WTkjowf_2Cvhk;2011-07-19;nan;F
J8SKUpngjyP4L5ZU4HpEnyTkniVE1gXeXB6HUDsvInY;2012-01-10;6C;M
iZ7mcjzo2OmLsnUjV581ksgku0_jJR2peEFuZcuTmNI;2007-09-20;1A;F
YN0jMAG-comB0Kye5oA2857WWoeAIYWd64OYXuLOk-0;2009-08-04;3C;F
M6LucN9TRo6gtjkbeFD4CEYMQr0B0ibJ6IYf5EcMqpM;2007-04-24;1B/C;F
cxruWyQ8HvRCPhg1rKvrMc2J-ZDYJ53AbRqKgT21QE4;2008-08-11;nan;F
7V9sLWa_wV5UOowRl8EdfLw9_y8bUsLDp4XMJP0nd5w;2017-01-16;nan;F
vPblG9xP3D9uzil7Ah9ny12qVhrdmMWsTM28eLQBVCA;2014-07-14;nan;F
cQj3gk7B8NCXOCq9mQfXEo6Q9tTd73KfIMsSOCdnvg4;2012-12-08;6C;F
qY58z9Um2gS1D0DmEfNTMNa7UCzznbcHa_fQKU_FoyY;2011-08-01;nan;F
dIihXW8SwPh3voZNIeQO3sEAtAH2Aet1tAG8Qi--bkw;2016-12-30;nan;F
N7r49iPw-8QGenuIsY23jv0G1o-3MAIrZCuo2xhFVBg;2008-09-24;2A;F
NEWlSarJFHHW66l-4010bsWqOAR4efc_rhYWFDX_ojY;2010-02-25;4B;M
H_JhQpqIYcFbSErHP6Ya9HGGgpCT92pR5f4hJHJS_gc;2007-07-11;nan;F
ulu-DXIwcy70Sz_MRkpjbGCbFyo_XF56mYCKCVMU-KQ;2011-02-07;nan;F
pthtzlDHnLgzQ03agD3I-pZWJaV4f5u2XgUGRneh2vs;2008-09-18;2A;M
tvdU4GwEf36ov1VvqksfqR0Bq2f7DFTFhBBqogO1g_w;2011-05-10;5A;F
gBpKB-JW4IaeM8dXOLXm6nV4G1cQz9WK4JGAuJ135Rg;2010-05-31;4A;M
cGHmoDkYcKTWTVwvdsO29BYdinjl1Y-3wFOqc3P_HK0;2014-05-09;nan;M
LEPFmmhIqZ8XHeZnmNIh0r0n8C50Mg3zfhp6g9PLgb8;2009-04-15;3A;M
P8aN-xiAOgza2Ov6JH-Kc28U1sF5fhsdreSp-Mq0YP4;2006-03-03;Terminale;M
U7vfpLY888o43efm7i4OCc_KfaN6AGGUxLTexQWxOws;2012-08-25;6A;F
UyVj9DpgwED5FqkywIkDQX5UIOsbpBYzHDNU-oeD2n4;2009-04-17;3B;M
B6DBdX_nY0_KkWePDdzQ4Ya2Dxxrx2Rw0shZP8ZKy34;2012-05-31;6C;F
R5Mm0EmY3HTbczZ5fBZAvjYyjB_Ae4_W2z_Ur5EUsI0;2015-03-18;nan;M
i1biy720AIiWqT_EBuBoDCzyPJy4FQW-2PmuaaG-USs;2011-10-26;5A;M
jlIc0QQCDY3S7iWOx7o0U-2OrzpjHqAIT7ASFCNWNnc;2016-03-10;nan;F
Uynho8_sDApXQqSkgpx7jrcvD7vR4l106fO3dAuliXo;2013-08-05;nan;F
S6BaMiLTYlgqYW_wuCAa6PNn7GYuLdB7H1DEAFKeDiw;2007-09-14;1B/C;F
yoaHgpvStBZOtddPdeJgFYjCrBihqms3fNoTASksK0E;2010-12-22;4A;F
3xTRDtaxmqa7A8E93B6IP7iRFjZL0kCrnDykSNFgkko;2012-12-03;6A;M
GIaxaSjKu9-uWQuTI2v_Fe9Dc9doXNhX145iWgJ3j4w;2008-07-16;2B;F
rNNP2RvTA59TYD2zD9UpY_D0SJQCx-4jyAbywAkIx8g;2008-03-04;2A;M
-OkZeSv6U0rENPbrPFI-ilsq-LEByjKn6QzZLlNb2xI;2009-03-13;3B;F
WHc-KnZk-dUKGiDpOI2NyjzqM7qfIWvIt1yCAFn28Kc;2012-04-11;6B;F
eeCiPiCZFXTrilvf_Eyw82fDNCTGD0tGMbByN8BUcyI;2015-06-01;nan;M
wOpyyXEXVg5nI4W9GJp-e4lPUAVdNaR-eSy7ZBsy3g8;2012-08-20;nan;M
R0dqI7hXUS8MHuL9U6qaCZ3m9W8oxuufI0g2KziBme4;2006-08-16;Terminale;F
NyYsao1DYGPJ3wR4n1GSv4xZObLqBJx0WAgMft_KBrc;2011-11-01;5A;F
iE-N2ESkF9Pz1KpfhbxhNjEdMg1dVX8tJL4a_eO3F6M;2009-05-06;3B;M
EbQx_GszRg8_utTSEWFBKGm_gexsOPxzlzWuGqeDGtI;2012-02-20;nan;M
finLLuXIGD76WBVPIFR3icbAt6e9gLRoBxK3-MUpipc;2010-12-09;4B;M
9s8qmp4RraSX6aYyCn-9YpaVBMa1pe6s5letS33hhIM;2014-03-04;nan;M
KWIw5gvi1vIJ8K7DpPi-lXVq3kqVu7nlWAmpzVyes1U;2010-12-05;4A;M
0UnGoC86zJY-pyLWcMv7_FvKG70_h6h3wK8bCLc-B0A;2015-08-17;nan;F
xKAnrkOOyUD6yaSOMpmIH4QODdksqPVojeOV5houToU;2015-05-20;nan;M
m5xf6d5Oiss-hAkn9EUNvAnqJ84Fx6OKC9qnirZdArQ;2018-02-19;nan;M
eHbf2HQLq57EVufEiKc1aL0zXaMjK5BgKOxaVtROiok;2013-04-12;nan;M
1uAM5Tlr0FmWlph0x6YEqggTi6biqSWnKVuNN_BKomo;2012-01-23;6A;M
DwUe6TVgdRe61KNZu9vMVqOdsxsDnsIi6fYPAecINjQ;2013-07-30;nan;M
53V33NjKa3QFqf5K07clBX4Hx4N94suO9O5taTguXbs;2011-10-03;5C;F
AbchpwDpuIL_PuQfOeNxR8Lo_An3pU3L_Iv5dokteI0;2018-06-22;nan;M
98MS2uDKlKqC7Qlh4p51d3o7svSjOCkIuihuUJFuRm0;2011-05-14;5B;F
eL8PGgricIsrnj7VmaenJ6RgcT56w5O2_tVY21BKjdw;2012-12-30;6B;M
n2YXjFi9xitlo5KbrNgpdiLggV2pnmtugv6KFJCmsBQ;2009-09-02;3C;M
jC0adHDe0CD61Kz7gC7ttf1Ba46jO0Q3-VjetHpY-Q8;2015-09-12;nan;F
BYIrK9VroohqRd_qCKupY98yTcK2Xn0fxE0YWfo1mvA;2006-10-04;Terminale;F
LlrsGOdTkMJXj1oq0g4kKzk1IgvlDjgc61WtFTMuLDg;2008-10-12;2B;M
0kcOquOpKE9fPfwXh0N2JtY_dEBdTtrMhylGPJZ4oLY;2013-08-23;nan;M
jj2WwUkPA2fQkB0mRv-9eg0ZNvXrckoU4k5QDWXT_5M;2009-06-10;nan;F
A6aX9gPk_pC7wqCzvI8aHrUZZP0He1-9YmjtQdyYyAY;2016-12-14;nan;F
0M7YVYNgcnP1fXyEH27kTbI8xI3J_5Y_VDWwdsv78ws;2007-12-28;1A;F
CROKt3t6aVHInwEV_nz0shuG26-QXOc8wNx_stHTiis;2012-09-25;6C;M
7cH6g0_qNaouFHPErrgi7H_FOAXNw1C5h15wLqlBISk;2015-05-23;nan;M
MH3zeVBDBaJHfq21AVNxIFSFL0Tz0g93pqp55na-RLI;2009-07-28;3C;F
4z3S0asPCajLU5mtsF-FEH3134hoSvdC56epCyBqqVk;2007-07-09;1B/C;F
R3j2R9l_aD747y1FuIvTVrkcpZ4GgMGnraerUIDSdZo;2012-09-12;6B;M
7yT3LeEQdnMEDe2Nx9HQ3i9lLlCiJxVjocJTzJErBI8;2007-11-27;1B/C;M
OAWz1lJLO55djXcZKdDJndyC17x_CjmUGa5Y64CaB2A;2009-02-10;3A;F
-apglKHWvlC1l3Iar9i0OLDsJegtfjEoln1nkM9GlQw;2007-10-27;1A;F
Fx5Y0OXUfQUFGsYRKyWVEaPjDLTAnHrK1WHYZQ4jvfw;2015-11-05;nan;F
rUEz8EJxYsrZv_Lz-8fdw1BnHzhdQyK-Ul6WPUj0y5Y;2011-04-01;nan;F
SjeLSg5zDVcYqCzn3aXlwR3amJHeF4c2qhpFxK4RlYM;2009-09-26;nan;F
_mRZ-bg9YF3UVlPTlvuRBhp8dQ6RODL_iL6weYl_Uio;2016-01-21;nan;F
Xl-5sTQzqCXXH2jefhgAQIZ41TBHd3ufkwBMi5AvXE0;2015-08-19;nan;M
4UPxoXWtfxb7DXrjXdnc9Vs5X-_ukDXSs6WHrGnfcB4;2010-03-25;4B;M
WfIvrv9WzTh9HnF352nTujNHtDyFWIDQ9Vwyhe56xho;2013-03-11;nan;F
E5BwnEOfj6RpUy7Bl-b0JNH1GYcGquy6VRGpiVkiI44;2011-01-27;5C;M
eREy8SDwW7do9sFgzYfqrph3-H3NUm-FdJvPoHZbjoo;2010-03-27;4C;M
wLuBjVsgMFml6JCB3RBapewh-v_MlHGnq3PPG2DylRo;2006-11-25;1B/C;M
as4EISZ73Vh1ieJ4hrfolvfWDviMPf0x5KMuRKNZuuc;2010-02-25;4B;F
NtxDQ77rDLKF4f-niWAKs5dyTcA6wtOwsSMo1pg1dPY;2007-04-20;1A;M
_mcu-ylw_DNX3nZ9xuaHkZG86m8seWKsHFPYDT7EQGc;2005-05-03;Terminale;M
d5NYXP7DPsjaza1elpPu3p5aJy9XjDDybBSsh3Q9USY;2008-04-28;2B;M
f3oDpFV55Qnay-hJ4LkTk6cbrVy591Wr-qJF3ZNgmuE;2015-11-26;nan;M
IwCZCDXW7Fp0pN_SmHLTYAXAk8kBEJ19B7myEZW6lSE;2007-12-06;1B/C;M
t0yGJbJk-148rq0fxxPRksi2ejaB2Mlg5Yye3do0qRs;2009-11-11;3B;M
BFb2WBb9rtnKRgR3C9B7fX5qZp2Mc5IW8EJle_6rifo;2006-10-26;1B/C;M
uQDbaIwfPFjym3uaYLE6WfuLnR2rb7TBEEcXdupkMvQ;2011-04-21;5B;M
jc_SOnXvusZltikBs27Da22nepkbd-QHMBm8n5-i0XU;2011-05-01;5A;M
sVg6zSdJ__KqH8tSllKQ55P8fI7T8bSjlc89crSGD7E;2006-09-27;Terminale;M
WR8DpNDckVKwsnmUcnIAle4pq-liPFATOHuHQrtv1qw;2012-01-12;nan;M
nezaJPGd_1jP1wJjMVGsvC3Cp53Fx7L4MGddq7yosdA;2010-07-23;nan;F
qlrNghZxXRuGRtnbJZF6plI5PJqNClWf7h2_bYu6ivY;2017-05-12;nan;F
saC02TQCHC401w3WGIfC4mErne6Fa7AccoWfwKKLZCA;2017-02-25;nan;M
OxTig2ckJJroNriDnj2wINT9VuGetCiDQ_10N2e5rwg;2012-10-15;nan;M
jvKvsgh3-GgUmtmT-7d52xT8ahmUlsO7-0ilHYylEoY;2010-12-10;5A;M
rUWIiH9GEpzIKcmOwhKgJmF9ectQ8aEz3KzqFQamOIs;2014-03-12;nan;M
HOh3hGuVWio1jBnrcrypOaxtjuRylI6tzn3HPeVAnTQ;2018-02-21;nan;F
e39VVOIQSRRKJLImLubDNwbk7615wXOoKU-xTO_9gX8;2008-10-28;2C;M
2vSxVi7F-8pCVIg1bzSgaeSADjOhuYECI3t7fYTrPtI;2018-11-27;nan;M
1ImoRrm1wkwRpxUMRfI6KZxGlDyMTj125n5ZGiyPSQQ;2014-09-22;nan;F
u4-ao2ErjBrLVWQPG8on0MNPeO8AudFeabVTzpRV6pA;2010-06-28;4C;M
GbMxrMfnvKDq4zzplkWr-OG1XMzA4tUUjCJOD0TE9C4;2008-01-25;2B;M
bBboQPDx-xdZ9YGXyehtLX6r3dS61yjDq_hJmuGbQvg;2008-02-25;nan;F
XLQkBfimIl9_9kBYjUKj-VZc0UdYzVMF_3866uJG0Qg;2010-10-10;4C;M
2E_NRGEebMy44a3lvdocwUpfWZNqisgcTIlv-SXdulA;2014-08-05;nan;M
ne5_te5tWZk0KMSBy7oWTihaH5z0m3gyeHFi7rwoBXI;2006-01-14;Terminale;F
dL3WloIEanh7tuQ6LeHpEDOGC9XWbmjdexqGq8Tx_fU;2011-01-28;4B;F
5BkW-ZhQQTsnGQ8kPfOwck1X6i3toLM-hIwT1X4YASw;2009-01-06;3C;F
yNHOilsb0afc241wKss4R4oV49a_t60riEbEvPT_uTU;2007-12-12;1B/C;M
I3vCwxYh1opV9Ptif9vRzcUwEEeN2k508SR8zVN6BAQ;2015-09-21;nan;M
VdnJCdhsgzJtrzOsoKiG31BHPOCHh-evGzIh86vlTZk;2013-07-21;nan;M
FhxTVo_40rSi5x9wQf4_-qULmbCmRFjGZhuq2nDxTgw;2016-11-17;nan;F
ysi3GWtzaKjB0h_9zC2R1BBzA7R41vmQsex10Ne0LH4;2010-08-02;nan;F
BDNUeIgeEHVXRqCoKwtTFM8rqNKKIZY7nLm3DJNg0cg;2012-06-14;6C;F
nBhpEHp_jYerlrInP4_qVRhFC9K8MMfklcd2Vt82P6s;2013-09-03;nan;F
G1ekX4-dkvVBsOzbVmp8hqfVBBK9YGXMDbzqvB6b0q8;2017-11-23;nan;F
Kq1K0fOyKVJV4cVjTkQ6T8Xij0knSfmJB43kpXyCni4;2014-05-02;nan;M
GEgD9mlQakzOM-6Nu99iDQ0GIsE4WWrvEdiwjG2LRjc;2012-10-31;nan;F
TI182-xViK4Q4EUtFrY5WITweSsH0-jekWwIuCI6sFc;2017-07-12;nan;M
rBfeng-nhzTCO_EbzV_3Ax4YN7DxPeaRtvG5Xyt1mWM;2011-03-02;5A;M
cYMQwIKyk44C0K8q30w47-km4EkIt0OLaTK6TKKTqRg;2014-10-21;nan;F
nF4qEfwF-PWG9OlXXAFf1BCJJJE4CZt58o1qBd0KV-I;2008-01-06;2B;F
83jGAidoapVMbksz8_Rs8cwXXe89Vrn5WhlSEit_z2c;2011-07-23;5C;F
ss5EC-xoByUyehGd9WvdcuaZfIErmIJlGy2ZM6LL40Y;2008-12-26;2C;F
AxVdXAT_RHNsNiuDOtf-1traUE6hL_svM64pRvdqI3E;2016-07-19;nan;M
O6wqCjUNcMlCs37lA6QDCafNWhk8NOiOdTXlGeM6qBI;2012-10-12;nan;M
jEv8iVgbqrLsRdKKQJPlosJ4VYgrNhB4a0StEkUFwtI;2015-02-08;nan;M
oryI8VbQiiMvGqJVaPpv5tA31rRahouzJxPnw9rgtMk;2008-11-14;2A;M
SHSsPgbi5BlYrnCmuWleygH_tfqYvy_YxugirX8LGV0;2012-04-05;6B;F
Q7nRPX4OFG9o85QweZcaRSyGGIvVCP6RIMHY0Rp5rpY;2015-04-19;nan;F
ddUtvb1xfgYQtbTgTUvKTQky3tdIeJafd6ai9zdKHlM;2012-11-07;6C;M
iMXmjqQhPypEkR6MhcnigASZTqSwX3ScVWmMLRco1_I;2007-07-28;1B/C;F
dtXRFqMibQPAo2ULjXcciGqdEEYL161P7dTdQJ8fRSU;2018-07-03;nan;M
NRbtk4OkxrpRHchnDnNUEqd8I3BbyXZR98zxvGAm2D0;2011-04-30;5B;M
L7u0_tAZdHWbmFRLOECe7HPFLNU4JbBf3EnOD3f6P6s;2013-05-31;nan;F
U65EZFjIgSPtJN--o6o8b4bHoj1JvsD6veondZKm0oA;2010-07-20;4C;M
jOK86y5uzhVigzaaqP9BmADjUksH33mn5lwfas7CiVw;2015-03-25;nan;F
ontjy1eKIChZn7LV1VBXQM_KJwE1-1so5Ax3GYtdezQ;2012-01-31;6B;F
FBFfOJUtsBcL4WEKZePHwvEe2TC6eVWZWEF40Y80HdQ;2017-01-02;nan;F
v14-XF49bXrCQdWfck-KH2SNoXi9QhqZudAIwcHQcdY;2013-08-02;nan;F
b6fWq2NkCCOc_UFCwwBWLrTr4Bt25MapLiflBAdnTRA;2009-01-05;3A;M
722SW82MUyddQTTlc_MskD3cFsQJOhUlbwXr2TI4T20;2016-01-26;nan;M
0nNV6WtNvyhuzZhgqJvNPZaxLN3BgsGxgwcf-1VJPdE;2008-05-05;2C;F
rhm4WE7pH7UTiJyro0o_9FYSvw59o3LkI56oSy0lNIs;2012-06-06;nan;M
1h60gDw3J-I1N7MgKsfFQ-yZirgmteGLLUJ1phBnoos;2006-05-08;Terminale;F
K94HBGlqVMzS8NTERhieU9rXW_DMotS3awCdP4eCmxM;2012-05-22;6B;F
bs0PdZKo05y4EJ1uSUGO1xVUGB6Re_P6GeZY9oyUUbY;2008-10-24;2C;F
UJt7DNVsYJrgOQAO6P75AWmGRjkk0cKUVpvqkT2k8yM;2013-04-04;nan;M
rtDrGahV3k3dc9KIPSOMqiRrpxWQS6R-4ZwgINhH5hs;2015-10-26;nan;M
pMLedFZKHsQztze5-270OE-lZhfiNKpunTNtaKBS0ew;2010-01-09;3A;M
gkcvOH6IQPR7CUN3t8dkpogfIUn7MwfogmoK_2Rx4cI;2012-03-24;6A;F
HJXxjEzLdtvH1-Ap4yafogr4wUusjuFpLrXEJMa917A;2015-01-31;nan;F
wV3IqFJNTAlEDlFBhSn7F3oB2EQT95imwa8q2iaBCWE;2007-11-26;1A;M
RvsKGw2WsJvQLQ07UDFk9lnpt6cTj2RFOqA9htX4OBM;2008-10-12;2A;F
MC6X8_1l_MQYPdo41lOh-B1LijyItLD64-ctRfrZT7k;2015-07-13;nan;M
doiug-5Bg7tAH-DWTQsDgUxkFdA3kpJ6QcziVA8CU8A;2017-04-13;nan;F
Th1YlstCG6poVMDyw3WKL4qG9WpymAQj-yTCyjPZEzA;2014-01-05;nan;M
14l3CvsmnkTsjI7aOhANrFfg0yfgOR6y-OBp1w7geDE;2012-10-20;6C;F
UBcDqN0ksVYUpGQNs7VCUkEREPQKwOZ7iKbI2b58Qow;2014-02-13;nan;F
sVdFZwC4K9wlDxCwGXq17leJNHiDxHI2qfI-CxUKgGc;2010-05-17;4A;F
c8MRZT86QuztF0kxSrVvv3olL6gdD5zZ0kND3zSXuWI;2012-01-21;6A;F
f24xbMdgQjBbxNQcODLnIdHS9j-VVjsNh37UTcgJWsE;2008-05-05;2C;M
hWmNJug_uHbjDDEW3IwJMSS9x96Iuz0og4W51_pETAY;2012-05-17;6A;M
XcwNms4hghmCSfo-oLb9x8urryMqDsqw7gq3NbSjodU;2018-11-13;nan;M
ZKVy0VEWXgAgG4X8TUB9kgRpnjBJbwK5qsjrj7BEseQ;2014-09-12;nan;M
ZPT1dqFBSkQZ6qGy4Dtfa4uEaQNgXw2Cbu-45QI5ur0;2006-10-16;Terminale;F
wfgRwUsCHNYOwJ0xWBu92tmL-3kiBEPYJOiEoFz7_k0;2010-08-28;5C;F
Ap9HgqZoo7UxP5XU5iMD45T--9MK1HwAa3-VDsX2JuU;2015-04-22;nan;M
9q5kF1nexevUuv3E64C0chRhEBvy22HcAndI6XYwgQM;2016-01-12;nan;F
47vIWzh0p-iE2rIDPRdL_qXwZ9TdKEkI_XjYtgH_lyk;2017-06-08;nan;F
IYE-j2ZNUHeSUSXBdHHQovB3e05ihRO-dcDJwx4nZ4A;2011-04-09;nan;F
Edw8Jzim2N5-wBkrN5RmvQmGObeolIyqgnXQO-7tG8U;2010-04-05;4A;F
lfJIm1nndn7lHUES6uncT7XF9ZtMjYcgDoEyx0vDhDU;2011-03-07;nan;F
saIZFyjB2TjIw5eeO25SY6-DgL5maW7a_-aMnQQtFVo;2006-07-18;Terminale;M
3gxXu8cFCDMOoZJEga90NN5EcWlloEDMH5zsLTBIYXE;2012-08-22;6B;F
RpX7D2y1WYHBD5hOZWtcUUR0f-RdQq7BhaUp5030FrI;2009-05-11;3B;F
Aiaps-fLivSMrsnufwbekCTbg0Ayju7JH10bcYmmMKw;2010-02-19;4B;F
Cc8-H1z8LW-qcG02WsJz2ft9cim4gY6L63d_2JvIEzI;2006-07-09;Terminale;F
a6jBNRAbMMFhO9e5KBrsM7Yjqh5MYb0EE4e2yB_AkRc;2010-02-15;4C;F
8565x7mAoYrvbsQKYvfkxaL6H1KVe63YIb5OQkB7cSU;2011-02-27;5C;M
rG8p0LkaJS3bU4tt_3-jkJAfc3tSeuJiZLFPe1YWWuQ;2009-10-01;3A;F
hpei42hDo2TAiD9Wbx-y-eQKl5yzJqS9ZpNys0qKa8k;2014-11-08;nan;M
2CqwogxxCbRWBeTEiTJFzWzzvCD50N4DdJ_-TCCZoro;2014-11-17;nan;F
tpMagW8kFfMjbUaKO4kRR23l1kOr_RGLQIbqW_E4iJk;2016-09-06;nan;M
pLn1tTctx0VQeIKuDR-ZtUspJdJdc2zO82E_tHqQgTk;2016-08-11;nan;M
KZ7t1XJ5BKqTC40hypDlcc1HAreErPJpa5T-8qq37Nw;2009-01-26;3C;M
GNBdcywpRVHuoqiY4FOLbF1uUufMcl3qjbQuEcWfiYw;2012-06-04;6C;F
UQebojALlUhQ92lbdwUPUCuwh_Pd1d5DEZ_BNMXpRAA;2007-01-27;1A;F
XTki9uapg6IiGZses0ug7aYadmVy-d-Fx6-RWK2SDJk;2014-08-04;nan;M
QoqOnH3bGj7OPAwYwhOqmLJBWiJTMLC7nPrui-Xry7U;2007-03-20;1B/C;M
BamOeuKKmtMmCpu67zeID_YaCCPDErCobI6QKDeAfEs;2006-06-11;Terminale;M
haUbbDVPDXbmdAtm3N3YX45NGZQU1hES6iQGImf65d4;2017-05-11;nan;F
F9nDndvUjRLFze02zhQbHxvei7M43-rvEWyfUNlWgek;2006-11-02;Terminale;M
FOia4mWwtLBcw2sx_ShLOri7wxjdwyoIXPpfgHGuBnc;2014-09-28;nan;F
FZHRylD8dalSbWRh5hPOA1xObIIJbCeUFcgF4g0n0I8;2015-06-15;nan;F
CytiwVZpaQ4mIA7ICPQ3F5-b1ulvBHyHavEgOZydSwQ;2016-01-31;nan;F
lqfaBfqtkz6Dw1-L07gt-6oP6VukCT5gG8EIMM9J8hw;2010-12-14;4A;F
gSjyN4NHER5UaK954477Uk179b1AexveBsSEZAZIZaU;2013-09-04;nan;F
guTcFwhL8KH3DYaY_JJwRiPODXNXm9jL5Oe0qOUkftw;2010-02-15;4A;M
WOB5HtGSoRAUp5o-UT-m8wqAhdhqV_qlae6K9mN6YGs;2013-05-16;nan;F
f0qIAR9jwMa7Z7m7Ddd4a2n1_zrAS7UTLa0ec5jTYGA;2008-08-12;2C;M
ubW2BIPGz761nfaWrE_eUtTRLkZy_j1N_WR7iUZPQoc;2006-12-14;Terminale;F
MR2OZETw6pTE6aE_oC1xIrNwmn9Xyn3ZcbI-c0sJVTU;2012-10-15;6A;F
f4BserhukNnVh-YlR75xhQjfIHeaSSfdkLzlB657gm4;2016-12-02;nan;M
zU_QL5RHQn2SRUhlmEj9JOvEjrm6mz3VwE6jXOGpeYs;2016-01-06;nan;M
mt0aeRSwd-7grLsQvc0nTddh9kdMbwddVo6FrtFV0n4;2010-11-12;4C;M
n4_txNGO5yp5KifjTCaTdHWPFM3qK2qUuxOX6FMpYn0;2009-07-02;nan;M
qfCdQTLX2s6B3YQuRpRWnf2PmZ04KchZUbzQ-DXJ6Nc;2016-12-22;nan;F
-Juyxs_DzMFJcPn7IIMMDFS4f3EYw3-_pHfCJcYGjv8;2017-05-10;nan;F
pwirf7NJTfqE8hX1YsZhO0wVW6JzYVNiZRMNrLNk6gM;2013-06-21;nan;M
v8_Pwj1cdFynLik3_ZQKpvKgnjFrhRcEi8AWhBZLM50;2006-06-29;Terminale;M
6bb8K4Ql5NT9tNBOlM719VGaeen1VVqIXAqFDtD5FgA;2011-01-27;5C;M
gMQTvSNvbYhP-FQ5_D3YcmAPGQj5mU9k2xfjvp_FSKs;2017-05-18;nan;F
Sng6vJvdZgDleqoNp6lYM1u3Zpiq8MGQbc03nMtJsUo;2008-03-17;2C;F
AavU8Egf3J-jhiX20dwccXvORoE9417YAf0y5IwuF8I;2009-12-29;3C;M
1ZCM-2DJ6rXJtJRgjT_ynhtCd230_rbyTx5PitDasxM;2008-11-13;2B;F
I6MokE805zSKX1H58zuYodJmll01pmxMTX-XBV7mxWI;2009-10-05;3B;M
JrgWOdZo-BkUNqoo4YReSlJYNZJrDQuFeO-r8tCsZFk;2011-12-30;5B;M
It2863qoLn0qOKjcS5lZp8VMyqyQDIlfCtjjdChG2ds;2008-05-28;nan;M
BAmvq6TFSLvMtVe0bEWWvzxHGYXDV6BccaTNRmaXzt0;2012-04-11;nan;M
g7uZngabPq0kzA9YJSphRUI6qHrMaDmtzV_cPUJfIiE;2013-11-27;nan;M
G8Ju-2Ifjp-GHD8sr7yFl_oW_GEedv3dVWTW2SrHKWQ;2007-11-07;1B/C;F
OTbXvDcCLfSODcPT79cWA1KgEu3RaLxeDMGjlOfONb4;2007-11-07;1B/C;M
0DmGpXFd6_iZAeDurdhyVyvEZ90xJrkIaoqIuF5EOgY;2008-10-04;nan;M
hBCdRSprWs-rMFAXM2ICEXRo6I1xeEi5HcSQWVTQBRw;2010-08-27;nan;F
dbageoTn-bljakMpd_ZcTlmf50CCcpifd7qPc_AgGfY;2016-02-04;nan;F
FsDgpCmUufipO57cLzmQ5xlJKvxy4C3bs3Bh3uVdXpY;2014-09-02;nan;F
X3XmlDo3QiZaYZkPz_QPsUrtwgcVizFnOS3easx9gjM;2010-05-10;4B;F
A2zIFy6LU5ZwAzyth6vaImZtUqmGf3U3fD8yy3s5Yec;2016-07-04;nan;F
MJdVsOMZlk3JTvt3UNBl_0v9iHhYn0BcKN5Z87Lcd0A;2009-02-16;3C;F
A2E2LvyPtYwNNTYFcAVsC4YQaZOFG7z6jpuz2q1UPM4;2013-04-22;nan;F
464RGfarWOd_0J5TWPYmFu2cUqeCKk8sHzzgIEyH9pY;2016-02-21;nan;F
ynFs0WH616Ol64vbMDce0ErXTt9YD-1oY1I7niOg0xk;2018-01-05;nan;F
V0HWUKgQU7ynWQdI4315Cx-zDTZn21aUO0dKTZwHXvE;2012-04-19;6B;M
hlspLkohK6EENSaElLBw9Y-wiz7PM7XUO3Y0fYL3TAI;2012-10-31;6A;M
mtZn9uD1GLXMMwXRYO_Z_ltoyMMDq6oZYdlAqyx_pZI;2013-05-04;nan;F
E0lT2maisVx8GUK4mXjN8HD8H33cvDRW8YGPAo03lRg;2007-11-12;1B/C;F
mTFxLExBAry6LOSs3QlpUBHdVAGxxnU7FTV3envpBGw;2013-10-19;nan;F
9mVrVFq8XqGfcdTwAWNYWFIFVtmVGAXioy9vCYMjtJU;2016-10-14;nan;F
Gnm2bgOgQ2pA8Tg2ns-P5TVM1D2W7K9xWpgup_c4SfQ;2009-11-17;3A;M
ph3446ccXzF-kHigRCUJn2eTEmtwe-ujyu85nMrHM4U;2013-10-22;nan;M
Dhxo1kf47XqdGlne_M6nhEUx0VCVaUE4cY-8_evGdX0;2014-11-18;nan;M
ZmB2fdr8PPpSJbbTcBiQblWMFWvLu0a-1j6nfK9NcvE;2012-11-15;6B;M
_o19fHK4I8PyGnVPnXJm6Y_BopXSx7tUqwoY04cn55Y;2007-11-21;1B/C;M
OVoVHbLdeCJG8Hg-vIIvVEOPwHT1F8fcNDqD4sngCI4;2012-02-04;6C;M
Ev3jVhWVkcqKPKMerGOX2dL2HX2Fjp8hGIAw4XxkgfY;2013-02-28;nan;F
cNmGZX693GRwDqaR9b4s3puVhZT-CTng1VO9dVvoZ-k;2015-11-14;nan;M
QWSfWFkwvrPphOU1V_L5HUsB5DS09PVktW-qnwfp78U;2018-03-15;nan;M
FzrqNKHY2-jqML6kFRSMHPbmU06yYQR-aDuuqXyIS5A;2010-08-09;4B;M
sOQF81Fs7Ny3h4kgxtCoF68REismL-ducibBGHS2VL0;2011-07-30;5C;F
Bc5ROmmlumBdqvuluI8BxjzCDCDg9w9OE38VdCeQS_s;2015-07-23;nan;M
KCuGIoitShPCHwmW2M16uxtEaIB7u0TSpQ1zxZm1hV0;2006-06-19;Terminale;F
ykLSD63SdkEC8dZS6yOI4GPOK6AyKd0dnqO7KyUHlOc;2014-01-15;nan;M
ogE2VznlkFgn_Ife3PzXfVLOVEHNk7elct2DAXM34R4;2009-09-11;3C;M
HGkEVwXtVxQfNZ6seS4Yj41y7Cls7rR6FiMVKqNMh-A;2014-09-06;nan;M
U9tHIQTrKzepqbLnaIxWfKq3Xxay7gfbgW92mLnFPAQ;2012-09-21;nan;M
DiYPlU4dSuujBrE9YgBaeNhqkI6K_UUT8lYXOmiJiI8;2012-10-22;6C;M
yNHlX0lWB3HlBA4iTyrnwGfxeUOD8Tq6oQgRemGWeEw;2010-02-06;4C;F
yvbruqZmkyi8oTBMEl60FoaER9rksI-FgPZSSr1KwGE;2011-11-08;5B;M
Kg9r1uBbNUfAhFShynIV8O_BH1XGijNAvSas20JPsws;2015-04-06;nan;M
HPR9Dbe-GMvdnkYZPMFRWc9crEAfnYdQOkYMqnWv5A4;2018-02-17;nan;M
2OrLcqqtlSekkkO2CnnLdSkNXzf7_oO94pjhc6MRtWA;2011-06-20;5A;F
yyDXVIkjmmjbo3k-irxZkq5PSz77KF4t11hpUVB_caM;2011-06-20;5A;F
sCbpPi7xtOUEPjx59dYqe1BkokVrqxqiqdtk_KQfFI4;2008-06-09;2B;F
qXYe8p7dLpEgZOfhp9cGTFFe-d1Wn568c73X9cRY12I;2016-01-05;nan;M
-mgtrHsqzTUmUcTL2UCx-e6F6qfcuGoBrSZQYTfzR2s;2013-03-17;nan;F
kA_yzW_hrnxp1wqFi3iApHbq9QprJJouqlIR5_t18GU;2008-04-19;2C;M
6HLIqeUrEjUjLePSldvOkOGCyt77UjvEj_WcbHwdeH4;2011-08-17;6C;F
PUBBaMLuOB_iJoE-3YuuMbQmTy3iV-Oi1fsDL6yEjI0;2007-01-06;Terminale;F
X4uTUNhVzKHOzZeGON8lJy3uQkbEH84AksBBOojYiBg;2010-08-26;4B;M
c3xVW4Y2abSa5RDcCqifTDyb1sVxLZ8zv0APgEB7l2Y;2010-12-28;4C;F
PbzkDOi4i6AWqlUcjKFgwP2ChNk8HFJsKYuwyGeSYCU;2018-11-08;nan;F
4qf5qCWoQo6CT1uYjDc3vDXzdakeHzd_qwU14BFs89I;2012-06-18;6C;M
0XqkP1R3n47e8VhlVdxcod-qWLzZO9eY9pSI74dM08w;2013-09-24;nan;F
jF0U7Ypu82K7XjYm6Qi_ttagjqbjJp5MJtxTkLx7BQQ;2016-06-25;nan;M
NEhyg7cVzPm7hGNVn9isQqL-Ybcx21eg_zr_TIKwpeg;2014-08-03;nan;M
_bG27B5DM4iAOvoorYRYP8Jej87NJP2NHtykUgdgZrs;2014-04-10;nan;M
vSwgHiZeoolwGXcj_-1vhvIm1lyTap6daFT6xpD9wR8;2017-10-25;nan;M
83r2W_WAssx0CCXJrsOndBNRAsRKBtMx7CtvDNZcmtI;2010-05-19;4C;F
KC8CI-9Th5bhfA1lyf5DIgjkQvqT7DV82HsmmbbUb48;2008-12-26;2C;M
G2uP2MNzIdcHeJV7cQqwe0fWQLJlOm2OExXSUsHXwow;2014-10-21;nan;F
GB1QBFluXf7EM-DYDvhOkWj2a9qRUY4qdPVKKY3BiNY;2017-03-21;nan;F
Wf1FoQ4GSgL_zbv3QP1BBLDeq8ierh2kMuxuctkXuXI;2013-08-19;nan;M
WMOcRJRfjfhaskZlJW-gnC2f3I5MgPstHkjA-8fBKLQ;2014-06-15;nan;F
pR058NudH3R0DsmCCDN597YygL5k9eesVykrG3Or-VQ;2010-04-15;4C;M
uWnDAMQ0KM2MCIB_e2Rm8z3mbDpLnejLxC1T38w-Axo;2017-06-15;nan;M
ubeTFoIackmkeYCXLE2cIi-cmdwPh5MEbzOnNDVMopg;2018-08-10;nan;F
OuwlkLVMjN5W9VqxPK5E70jXp59RCau48jFjVnkhbEc;2009-09-06;3A;F
j9_58uMm0GrAm8O0XFb9bhoAaWzmhS-FgLrJgOsVS8w;2012-06-01;6C;F
2eX6Ptr4UVl8dUTBpqrGKzYJobgX1dd_amwPpv2oFk0;2008-04-10;2A;M
ubZFXphqmu-seI5o92LSlV_uWxykmBCDGpvWBumo9a4;2016-08-25;nan;M
HollF42jhjviqHCAwNGcUfD8kZnKo0Jh6eQ4w6LDjvU;2018-08-10;nan;F
IG9svvQlnNQ6J7ugdVuh2Dm38r8LN9QHqxmA1O9G-o4;2015-05-25;nan;F
sCYOzSxlOIRsCHZ2ZwGKZlPcEllwwBOQO2NenbyNecI;2010-03-20;4A;M
_SmkfSQqP1g6eYKojMxIdNf_AAhguXOB41mVKKYTjRQ;2015-01-02;nan;M
vlGS65G2uTHK-S-uustlPxCruoiNealjos2mM3l5O6A;2008-10-18;2C;M
5xcV5br7C2zJrSB4kT1HwK3uQvS7K2z9ugBLhuEOl10;2006-11-04;Terminale;F
iiXEnRZK5B2XG_oMkFjzHzgVrrGTgY30Vpdz8Shx7TM;2007-08-02;nan;M
o-V6pAyewRtccY7q-YKRMiOpp_3siUkpRFjmN4A4kzw;2012-12-17;6C;M
uMSzpFm8TAOYVLNFwxH2uwYxEJGi8jKoowFykTO2e30;2009-09-08;3C;M
2sU5I1MhpxCLFNiXe_Z_D_-wCAnjzAsqD4TGEahQO9I;2013-09-02;nan;M
baIi6DHUsn7HKZ2ZIq2HL_6w6nv4CnTgjcH2lAd01_8;2007-01-12;1B/C;M
TX3WJF0-DXHLUkuE3It-c3nVcJCxC8I8ruWdpuj_1yw;2009-07-07;3A;F
koENBTNZ4we3keCEC9xO8Pm0jn8zzPpc56Xp9IINLtw;2007-03-29;nan;F
dHztjQ5NyqTuPnEJvGpjEGUTu_Rm4guUqHK_QvYpNfo;2007-10-26;1B/C;F
ICrWRbasGSfb5vMg3cIs3COzfQEcJGFgO5ff7r_QL9o;2017-08-16;nan;F
tycyurgwHzrIwyBQ5VpnrOyFwhJ93OPGNGo0UddvmJw;2014-02-05;nan;M
6f40NN6_onsOjdsNneeUruTeNvn2kiFwOW5zKB7gQlI;2012-05-23;6B;M
6IeMiINPhVOLvzZ45O4__-829VikJrQ3Tx9iWXsdBvQ;2015-12-19;nan;M
de1j-LZT56hXdR5qb4W22ltzQjxO2MyHj1hlIEnI4IU;2014-10-12;nan;M
LAnVonpqirXaZcrr7J7TXswrOaHHahvtDg-lfB37MX0;2013-07-02;nan;M
pycDC0nq1KaWoRUUh1d3vyBeAUdIBEozFC2aUiTKTB0;2007-10-14;1B/C;M
CYnlLgSIo3pT81vA0MvUBsUaS4URFmbnxTUc-_qEF_M;2009-01-13;3B;F
KFFZXli8vSvWUuMnM7wqAFCVIdLourxabZ-lHno_S4Q;2009-09-14;3C;F
R1ARz93FJ4YPhmxNddcBryFR6KZ4xxn3doDFWTqQ6Jk;2018-09-26;nan;F
PRKXZXVpB7VuABB-FavyfzKffXdDZfVABEfPKVTsMjw;2011-02-21;5C;M
kOVF88m42DC3sO1NghNkwLzq9R1hd27-OV-n3bm1GEw;2011-12-07;5B;M
gLtSfEVNeeWE2pg9R0qzWgJ2ZUHi_wg-y5UTd-Rplfw;2017-08-18;nan;F
wJM0bN_1KAMaYr2wW-_pKLr0l1Atsgvwaqz1n8uhMxE;2009-03-17;3C;F
ZULly18Ye8qIqxlESrMZN4R3TfPZ0Y_1jZrSn0neLq0;2011-04-28;5C;F
8VEoZYSs8FO_jWTIpRxj3kxxcdqgoM_gcEIoEWkY2Ak;2012-02-14;6C;F
dH3pxTl4vP9gMxfi07eF3Rixt8dk2HtHqTRbQ1RfgqI;2013-05-27;nan;F
SZ5rg5IrisSLP9uUiHYDzbs6e5ZUnqGaHxMNEJ5DmTM;2008-10-17;2C;M
9-JJpvR3-lvBmWV8imI5fa0ojcEo-oeh9QdZvtV8bhc;2011-08-18;5B;F
s6krPQdlnjRbH1kx03vuOJgLJCuBGrXgEJ5hZTOrDYM;2011-08-18;5B;F
exRVV_-T_FR3v4nFoNliU8C7C-trttGB3SS4OaVqmXA;2014-12-03;nan;F
qrHVYcMjskoFpEVsQFCjYsiDI5zQDDQEDnQHhEjoPCk;2011-11-18;5A;M
i_r-QUu_RNzJJC2nLSjxms_VxjzhdLaGQOwpEFhj99M;2010-08-15;nan;M
uepqpa_JsfrYacOUpJ7HPdKTMk3VUmS8sPFJqVUAkBA;2007-07-09;1A;F
2Cz1KSYCGM9lxIKEDYIDpp7Ci5n1dB4zqcZO7VQkZvs;2013-08-13;nan;F
tMrca4NJmex2yYTrmBEnV_qaJ9wl9vi1KeD-FgasoSA;2015-08-31;nan;M
Q9B2-5rPJizw-Qwh1z71dzHGDxJEvArymmKMGo4favw;2009-08-28;4B;M
HxDZySNoFWqwYCOepgdfFflfowH7e4Kgt7P6V7aZiAQ;2016-04-20;nan;F
vl6EQDR2-Naol6OzqvkgGAoGDoy7ff3xWVAEmysZDRg;2016-04-20;nan;M
HWmyDahTf7tcOpD17UWXkwi4J5HRvS7ZnYotFYlRDc4;2013-09-06;nan;F
2ELG_7LO4fkMxVurqy0qzYk-faXSbnB2RCmSLFoOICw;2011-01-29;5B;M
X5u-krVBPLm0nzgExOCUrvoC2U8MV7CsG9dPeY0_Awk;2013-02-04;nan;M
uhcqozlzxwuhN1i4sj9z-0rkjxpW9ux4MdmYsjtmzxI;2018-02-20;nan;M
Dk8TCxuLERBKTm6pqWPi7BDHOeVuQo4Q4d2pD1HVhd4;2006-05-31;nan;M
JHYd1MgfXnPiuky3c7pRl9yULkgGAvRMq3lTFwdVJOI;2016-10-31;nan;F
EBOvxm1RNuPgwDjVuZAPXRCnUS5xXABqILDF2XhzNg8;2011-08-12;5B;F
naQhiGDq_QN1rhBDb5n-N-vzsPxbD3-KltT9bhMOKEI;2009-09-10;3C;F
YlKUtHfJp95_BMk8OleUIcAeQHjm9DqRrnruqCNbVUE;2012-05-11;nan;F
isDwkg3qpzKsYY2tNCnBVk3eqC5huMqRulGsxLeWlEs;2007-06-19;1B/C;M
wZ-b-Nnv1Zgm1eMTkZ59dMThSUg1armkAN80Ia4xkxk;2011-01-02;5B;M
-NQ-j5jGc8q7NqwTdoI9rWLETxUtt0QrM4OMvL0yWFg;2007-11-19;1B/C;M
bbFieIVzNU33iPown8966ROdaD_8GxrXGIBi7NDqU08;2013-05-06;nan;F
M-eoQyQyHo9znNbt-CD0N5sbPEaD6VNP64scUGqj5SA;2014-11-04;nan;M
JeBWaJUFhFs4sWd82UQWnxQm0aKHZWZzdgFC5hUqmzo;2010-10-25;4C;M
SjgCQVCpaQSrmTwcARsnByEN7FDti0z-EID4_WkxnWo;2013-11-16;nan;M
ZdNW2g4p1X0O0OxREdJ2FUQ3y77vYEfMy-0FCgGiBXs;2015-12-12;nan;F
g2qxECTQ_-SDkeZBNh18jtjeyFXJP17KViihPIFCauo;2018-12-03;nan;F
MQ4t_f4qZVEpUd1o4jZpRoBN74oBv7m8bspdR3VxPOU;2017-02-23;nan;M
6y1mx4tCsMbx2tJDL4CSYzWEVgR_7bssZO8AuBVFY5Q;2008-05-16;2C;F
UBbUaMVWG5sFpvKbazxelyHMpOFOHg1TTbinGo8ncWY;2012-08-16;nan;M
r3E5AVvAB09OfZvzgMxeNJ9Z4ukLODmPVmqyE4dN3mI;2008-05-24;nan;M
hsSAOla1STc1Fq4bCkXZHiytHKTH8rdybHDVIKu_m-4;2014-04-23;nan;M
8ZBRB-dKktwcxu8BPUwMWhfKdKDzzs-BqcAhaJBrVyM;2011-12-27;5C;M
HBSW12kPpCTTYlT78896CTaBlr8SY6fln-CkE5ZPeCE;2011-01-06;nan;F
s8Zqsxs8YeKpxuCh0hapwS5NtLf77xsE8b2xhmi7Btk;2015-02-12;nan;M
c5oDRXJbzGGC6V2p0gTkCmFYLQl1JwqlaQ7wRQkX5G8;2010-11-09;4B;M
TjpGMxe-4f5Mskv6iAKl0ESjRuMiSuhiWI4-8s3tXP4;2015-09-10;nan;M
FMw9xOeWwXH_D0by6meO160aD6lawKR6o-oLSC36S7Q;2017-04-21;nan;M
BmQsSMw_UnkwXEjrbJzx0bqr1jEGd2IVlVaQZOBvJaE;2014-06-23;nan;M
JNTClD0kTD7qkt-oRI4Bi2hTtOOEQjfP3LAy60GDaB4;2018-05-03;nan;F
_G5Z6T9Q0nD5minON0L_H-PKYtLQohRpvTt0FkqFmHw;2016-10-27;nan;F
RXEDK4bq_sxDCZ3bS2dl3dB_QVMOzsLPEfkhpeLDiEg;2013-05-25;nan;M
mBwQUKaIUFpVrtQD4UHoH83JjMhWSIDtnK4mALlHDu0;2014-11-20;nan;M
1A9mK8zyR4O1s_lW3qz5jRle48vbDaRnRHR8rU7JjDU;2017-04-19;nan;F
akrxx1TymB9Bajcq46WhbP23rwlsMEm7l-rjvJezhss;2015-09-02;nan;F
WgOuSMmIl3OoTDUzRJRz6R0_UJ4cW9uIrW0FsacqKBk;2010-01-05;6B;M
coIYheSxjh2RnyFVCDZNEloP7eDsjwExSqXm9svGUlo;2013-03-08;nan;M
jJqTE54xyC8HEGN8F9nBzt-rmzbIoDDYmIuw3iuPBfM;2017-04-05;nan;M
0rEiqnzD6YACL5c5bqgNSADuMoEEDh4Te-HwBP9oF6U;2010-01-18;3B;F
agMhvAB1Un5Tv4_WALob9za-emUQgzvNNHWIVlNuPi0;2006-07-03;Terminale;F
IOQRC5vQVN4Afi91Waqburacc-Uh35I0sf2ubVdqM34;2016-03-10;nan;F
QOLyFWFY20WE1Yx21c2Lw8s-5HsRztBiYD9FNK6iBN8;2013-10-29;nan;M
9iTtYCl5SUnf6VWKv112lBPvZYx6QbTrQ8aea7x9fsM;2016-01-01;nan;F
PLfNCUqOUlxw1H1az_cjgV2yoW5Ago62H4WGRzGrx6A;2007-10-21;1A;F
REVoFUbySeWOeruxqkjAqd_2X7yOazx08zGDcK3ual4;2015-12-25;nan;M
7jewNDq3sKFX49MMpfHa7SUVf2DWtQbuTSK6_o9kz_c;2007-12-24;1A;M
uU1kVQspP1w8J0wBXwDmcy-zPvmW8T-Qo8STm1mOtuI;2014-09-03;nan;M
JIAmBZroUsqO1xtvbfUDEHoDVM1OsR2DtaVoppOilFs;2005-12-12;1B/C;M
vvEYSPZIRBhsU-aIoQbrBiTblqPWtG4GEOwIrVwJPY8;2010-12-03;4B;M
D7SrZe5FJpEcXtimwcl0oGB5RtUsDU1S84r8b8fYO_I;2015-02-12;nan;M
9b4kzO5A8fpkhfHTjXL9kW6Mo08tfFTZ9-SlCLZZiZU;2010-07-24;4C;F
n5N9nCNvwq1X_JmWzDuQq4B7zhadASmZy_96EuiTti8;2010-07-11;4A;M
LVUsna8IB6DxgSeEIjKbeRQ7m_VLEMSpDtDTWBXCWdI;2014-01-08;nan;F
LnSXCVzE4U9IVBDjeqi9PkHfcLkewATR17zvXxRxVWE;2016-12-01;nan;M
NWFoMEvos2g5NbAA0Nld0hOhkrzaMzqeYVFwFXDpUMk;2015-01-19;nan;F
I6pA6km_U-r-sGtRGjmqjPbp9KGIHkeNVMUwLaw65lU;2014-11-20;nan;F
njv6L7PjTPiiL8E3C3NE1q_V5SoNvREco2oOfRydpc0;2010-09-11;4B;F
A3PGWndnWuWn_ayjaHmB4SlKIqQsxWX1XMAgr1rtN5E;2015-03-13;nan;M
9Lw9ruKi9hNO5H2RSCuhGrwB_S_1VFvsRkUAi9a2ra0;2011-02-28;nan;M
kcQVJbnz8MWAnlLIXdAdqeXrzrHMGBxbAMC7SNrxgf8;2013-06-06;nan;M
Hvzmr5ssE3NzMtrxHphQdwQFkT9tg2sH_rfMDp1eHD0;2009-02-19;2A;F
6Ju8_BuXENXSQ8W5aBANAw55NMhQL_GlyyGwasCgras;2012-05-22;6A;M
rQuhliLVTw12-fh9VibilKFQMYdu-Wx5pvruvDquKHM;2014-11-08;nan;M
o9Tzaq3RlBnBkJXiUM401IuTCcYwuODaqTOFUSPRFc8;2008-06-13;2B;F
xt22PDacvasaRVirnrBlSPF0OCszUYZrcM4XwQZZyFo;2008-06-13;2C;F
P60_49b_Xqb6cZqhl3nN18usvG6xKeuFSCMSW3_Ap08;2012-11-26;6B;F
0UKJGNhXQfPZsArqc9_I8ejsxGhZVGez3GO_PXOs0tA;2009-07-22;3C;F
KUEVEUKuDrRmcaig8261nxdk5__nxPqvu-trqAUG4pw;2015-11-04;nan;M
oyP5-Y2fcIfSi40vQSjCqU8gsIYP1m8VY3xCP3VgXWs;2009-06-18;3A;F
zegnVrZniHM7YnsdYvY9NUJqcVKVmjcvw6Dq28nStTo;2017-01-19;nan;M
enbxxX1jitoCJdmQ-wxAKVWbt7ZHpNFSj9hbWEEXvGI;2018-01-22;nan;F
GzOXF4m2FWc45DcNLNFv2bteVOCLZqvgVtdQTmax_0A;2010-12-03;4B;M
F7jvfA1sfJRS4hoeBAckWXKtmijLJ1-N826fAJ-Mcu4;2012-03-07;6B;F
_RgBA3nXOHIIl7kB7ARSRvvhePCh8E1DzCjkLe0n9DM;2016-11-30;nan;M
GtEN37D0KJNfn5Cj02WVe4wT5zAH1A3TILpJISkMc_g;2012-10-19;nan;F
rJGWjTj2JGoGHaUGYzAEZzJVBe1EkS9pFFTGCk5CE9E;2012-02-24;6C;M
w3qw7LNY6qnKGFH7BP9Nk4igCL82OZvws08UVvEcybk;2007-06-08;1A;F
1dWENieZ42-ji5mFhv3t4euQvEt0W1BrwMj5O-vsMKg;2012-12-18;6A;F
9pa5ociDDdUYsMsglyUcV44tA-P4h_DX_eAYWk59zNY;2008-05-25;2B;F
5F2sila9LKzglFUiXxyxsn53xpJ3EVER4ccFw3Nsyfo;2009-04-11;3B;M
VNuv-_-_9KWKgBbsjtBzom3yd7JIwwE3iVOeOfGyg_A;2009-02-03;3C;F
Hyz1dq3WUD6kYHsT6g_Ljj5LkxFeRmpAI2tThMIssmk;2011-11-20;5B;M
BskYKiPp0xIMHrlbWWJWcJWdl_thT7Xyx5gbYpS3Ln4;2009-01-13;3B;F
zfNU0dkyiDnPz_lAFT9sy03U1vM81d8M-lUjQZs7gig;2008-07-09;2B;M
2o1AV8VbhIT0yJ8xKsLUzQLtjZc8AdqkxdJ2d2lJtio;2010-07-02;4C;F
N7jbgQz1YuSs7ibPHpynJDZRIHZuMDtCBYrifMh11XY;2011-08-08;5C;M
H5w3Vzg1AsiE2Ocb_GEjqjls-WJWowsNHvRgETx_pls;2008-04-04;2A;M
k7YIyKQiNuebA2Z4rkycbgqF7izika9asmP5xMBMfbU;2007-05-31;1B/C;F
26h7fJ37R3KmyV9wgTBh8bLMVL0QNPkV-_Hwe682yhs;2011-09-07;5C;M
-Ju78k2PJij2JMpj6typh49nlbadzwy3LgORhyBrB3M;2013-06-01;nan;F
AJy2oc89YYcAM7BHEktQ3sBJE8ftj3U-ZeaKvXw7LHs;2014-03-12;nan;F
4NDtG4Bgwsa_zyvVNoaBD_bOn-19Hu0jGjZc5UFk5UA;2009-05-06;3A;M
4ZUPLqVm6yVn_jE_XhilRHDNPffW1QlYgZXaaBk47_c;2010-10-04;4A;F
jPMRrNKroE3aDCFmnFArPKej-L_t_9rIJlE_61y6oj0;2012-12-30;6A;M
YjJKBYDdeUZj1WSJ9T5k41AfB9ua_STLIcOf-eBP0m4;2011-12-28;6A;F
gIKpucHPe8l_4vjvEpmQCMWNGlK5sp8fO3MdguAY6F0;2014-10-29;nan;F
TbBFBWQsGJzdH0ZWaDErZdsAmdar-7pL_p9eFOH44X0;2016-02-02;nan;M
xnx5ZnB8XcfIhKayxQGn8aAG1nHm95bbVqtGSvlqcMA;2018-03-19;nan;M
eFBsoAcH5YCQ7zQEIf1gEkc7zYTVprP6GvEqiZFO5cE;2013-02-19;nan;M
ruJfi93S7nR8ewSqkwOGiscxBe0CL5TzmG2KsLAkvIc;2017-07-20;nan;F
I2KmtjeMQLPGFw2WOuJwjnM8I6knZ1F1tnMOD0weOq4;2006-10-31;Terminale;F
XlCCo8bdAdA7WNYKdFFopv9_hYynIXquc_h4Ig5Gd8s;2012-06-30;5B;M
lnBDyHr0Zh-SQqFikz-BsTuCUYzreZJSqbqIFmbCmm0;2008-09-21;2A;M
m1clfb37wTY8-an9M4MouKKh69FZRSa6NcXX_jcZ9VE;2012-06-30;6A;M
lqHV3fJ1ADTENx6RAem9RS-W70N4OPFrDG8f8Zyvz2o;2009-03-22;2A;M
1OKTP3Lppu3WcEM789slZbMZiuXCvPJYRaN-ofJm7nU;2017-01-20;nan;M
rwOoxGsyCQRcTMZlXVTF5bZyTICW0_Uzsy11wSXEsMI;2014-09-03;nan;M
gIMlSLngj1_RyZWWxPfNzUzR3Ks9EDTMU0QJNtoalEk;2007-12-15;1A;F
ZDi0z6IXi1L71t79RBoujUfWupa8ebsDnyzTBaWMZ54;2017-04-05;nan;M
Y2CGzxSZmWqifGCeBOaSpTK7bZXGEuzkQuR5SJ5W9i0;2009-12-21;3C;F
OBvrrUC-OG8Rgbit2mVYSkI3R9HWBUYfQbWlPOTvFfk;2006-11-24;Terminale;M
MZ0szj9MQjFSEiKO-7NOlNeSCyhfDKKsHNYLyddFBug;2014-07-11;nan;M
O7eIkXN5IzasuUKPXTU6jDkhoq6YE4hSC6ntbf2-vD8;2008-10-10;2A;F
_K8Qy5HT8_u948Z6ForrEnFtdpm2RS1ngI0_18vrIgA;2008-09-25;2A;M
hR-GW2zQZZltTNpqS3nmpXZZrGgGks8gWGYRHDMI3-Q;2012-07-19;6A;M
wLE3wE0uzcKycmDIGsgFYYOpC9bm12O72Ct3We-6vlM;2011-03-19;nan;M
8XKkjYJifUwvS-EsUweBmn_iC5H_bal8lX3vHc1Fuwc;2006-10-23;Terminale;M
cVU7GseiHMC-TWyq2kaAIhRcIiWPsk_5L5usOVadFXY;2008-07-18;2A;M
kPdjzeQ_Go2UsWNlo8Htrtp8138Ek0d8SiNdyjvL8yg;2012-01-23;6A;M
D126CQs_qdRdmumGvHlEj-o915Lir5QU-yjYBqjrcrM;2008-02-01;2B;M
b856IJhkj8J2o7v2TvBkxuhsjn4MXH6lXtDofSbkSFo;2013-04-15;nan;F
sfQT2vx2bBkimFprJlSltxWrMMTsg--cbmcMZtUIotA;2015-10-26;nan;M
-54CsKcN64198s7dCZ08D_TrTsEKnlkWc-g5eAazFHE;2013-08-21;nan;F
YtuJxkutFaNfFHc_xKn5PdIY1DrbbyBB9EEvcKIaRz8;2009-02-28;3A;M
VjE0xGxe4jSEegKJNWlJ5L0rELWHJ827VLhg39oBmDQ;2010-03-19;4B;M
FQN-QeltnRtNSYog9hytFDIeSjE6A2lmr29PbsUR1Hw;2012-09-13;6A;M
SRgbx-qH2KxHJyr6eeesDpsnlWohoIJPk6nMaYl4JPI;2016-11-11;nan;M
SCDHf_4cnUXT6gVNESH7jxzdoj6OaJZcXceCxsu-gDE;2008-06-01;nan;F
0Bg4iaIIggEEtkAJzY2IzBgjYwTfs6NsOX5qv39EtyI;2016-05-13;nan;F
m64Plm8odXbt2nL2BmtX4D7BCqA1Ga2zptqaTL4_fxY;2009-10-22;3A;M
aqY7fEhKVm_10N6XdS74Wb5jXrDYuOSdKGovnyC7Si8;2011-08-18;5C;M
1cSJAlnIlvPr6IuRL9sK5lV5sXikHn8UXtF8cDcNKzQ;2009-02-23;3A;M
PthMomtV8LBaylxIhb6PLrLCbcf1N1BM16mvI6sYNeI;2013-08-25;nan;F
7hJVF73M3_Sjtz__HAiFnqdtb1fsg9k9Vp0EAlMj9u0;2017-07-07;nan;M
RQ6Ug26HEHo4eWU5jbeYUeQkLMlFHZDtQBzlRzEABO0;2014-02-13;nan;F
ON1D8DE3DKr3T00cZYE40OYSs_sELNUfhtL85PK9IaQ;2018-04-08;nan;M
IoWYVKZn2CGNx-VZ5dL0YckjmAdY7TE-cVdnI4dPvjc;2008-07-22;3B;F
l3Ebj-mKid7P5PV5Glj6QSuA9_6ELgLnLxwDGqiQE8A;2016-04-26;nan;F
9W7PDf6tNgiXgJ2GUmtLbhqL_RXtyHo3LCrd_OfQvPk;2007-06-16;1A;M
NkINpUUkv8Yn3mBLdIWseVXy9EdGH4IPFEXTNl3Szbw;2012-02-27;6A;M
JxD2NWGKGzc8-f4KJCsabyPcYe_ioeF3E4Bq_-Fxbzk;2017-05-24;nan;F
nPF8A68eXsvKR27TfeXWv6e-p8BkWYQWkOsKGRgaQtk;2017-05-24;nan;F
MOk-pJQ0AqHpckv25vMnXp3hj97P7oCKeQ7gQoJhpVE;2006-10-17;Terminale;M
sZB4-PySt1wSLq8vE48iVRrzXqHcfx24IAAgfLgAKsc;2016-10-23;nan;F
wfXt_U1KMZbK6JiFELbImSqWZ-xPuy3ygMtPLd40xRk;2010-12-15;5B;F
YzHAHMyUIdAnOX0QA0Kl-PeFkW5-RrfvFGGj55VhV9o;2013-06-08;nan;M
K0Wt6oEfvrIJdGXMuYaWbMMDlS6lz0tZPy6AQILeAzM;2012-11-24;6A;F
_dnCXSyTqFJJ2qtaNOyFlHZOzNUUiLz2qVZNuLW4ab0;2016-08-03;nan;M
zbBEU9kOpzAVh4UEJe73lGM3vKVsrUnxQpYITrgQYRE;2010-06-14;4C;M
sdVK8UtLXtrOELtxZOpdpUirZHcJKdhJcve2ByDYndM;2014-12-05;nan;F
CyX2QDA2xOUeUzl92Ar9W1-XcL8l4KQyEgK1raQMR4I;2013-02-28;nan;F
zqxVMwB1ERABWtfoAvnX7j3t8LEVHBEbRAGimWuPS9E;2007-12-13;nan;F
0jf1GItzswu98Dhjv7GjlFwLPJAhrcsu15BT0hbP1Yg;2011-05-26;5B;F
NbfYj6DOUKdDCWxSVFquKQCcjUw-y3CFypYiWLTpdTg;2015-07-28;nan;M
Pxf4LrrQZdufJultvGFZLus3UEOgM7j_Ac2oO16cxt8;2012-06-25;nan;M
URk48fmKhWRCst5rDJT7zc0isNU0NpAd929gUbC-20k;2014-07-20;nan;F
4jg9CmJca6JngNecRlAx5KAocYXqITVqPyX3xArPbWU;2016-08-10;nan;M
Phtk45yjLwcVWQ4ai7m4JXim5KEWfgPxeQ34eNLsW4Q;2011-10-11;5A;M
9kwp8FAVb9OeKzA35nPpCXFV4vyoqW3Lcl0ZGHt6RZc;2013-09-18;nan;M
1Cbg7IGgQShVOxbVzyoO-k9Yw7RW5jLBH_qPscgTPd8;2016-12-12;nan;F
StckW9OvjPjfFWGIIQ3x-ASEy8bBDQkVbooA86d-JJY;2013-11-19;nan;M
TDcOZTTefHvGUZdVyHRtKUI7UoCg7JMB16sS9_YgTM4;2009-04-14;3C;M
NuFLagPf86o9xiqsuRBO64qL-brsuVC_jWWPetbpvW8;2009-03-27;3A;F
dfDIl-cfO5wYW1djNXWRh6Lqp5wVNvpYRKv7-bL-Ie0;2011-02-25;5A;M
qytKdqpM1m1lc1PzdbT3tGMwwDtu8mlxoC0vm0HcsTk;2007-11-21;1B/C;F
n4vJmdIHf9J2e4F3G80C9AEs27QKqCtxRUfA9e6eQKk;2013-04-27;nan;F
gwmFQf-IyLAWOTxNb5wz1hdFEMIb2miZRl75bMTdgSU;2011-07-15;5A;M
Ykud0RMrh7h09154GI48oSD3JJ5y40_4beGrEgsPnHM;2010-03-16;nan;F
WM6NO8cn75WhFffq40hjXOeNjVk7aqMquHN4lEW4Xy4;2012-03-08;nan;F
CRYqH8qkWBpNgNCvnQVPmrQ-k3uYOSxSSYKMIVSwB_0;2014-01-27;nan;F
aXYjnzURpCFZFQ0GL8Gb6o5NS3X29d-9NN97AbQny20;2013-08-23;nan;M
2Dstl4nD5FvsxwtVwcRss2ARYjelctyUuQRWLgC8PeM;2007-07-02;1A;M
9ZC6skLUE6-QBqqB8L8wkxygyipNN2KBrUp2dJdITeY;2007-04-01;1B/C;M
QephcYPfP-vke4oZdrLftWyFVXkn8T6n4Cgxrpik008;2012-05-22;nan;M
HRK_WEqKGMIIFzQ3kx_tUUx1RtIo4PY0g-b9a4Uqf4Y;2008-08-07;3B;M
GR1pu1eAOils5TOpvNxpW2rOUAntIvXP0JuaOk-yfCg;2017-05-26;nan;F
Jr3enbgehKbIOS5n2PHYx5MtjJq6k4AzDjLW6Lf4TmY;2015-05-15;nan;M
gq67y99eXJ52BwTQZ4GYpnYltf7tifuQ-yZvRuqrSHc;2008-06-10;2A;M
Faxe6QNFNzK7I_32yNMyef132__nXnCodwo1cb6lKDo;2011-07-17;5C;M
X4mBi76LQyjySwO4k9rY8Wcdew8iI6Yb8hdEaxXyoX4;2012-01-07;6B;M
g-jvPjPnNktcOdDgyLWzOcU2BMlVU9Sat18TqRsiZqY;2015-06-20;nan;M
ZSINIKE6X21M0xQ7KQ7ylow7zihMmJx60TO1w4gF02w;2009-09-25;3B;F
nbNO1s36O83B54-tALZW65QNZiOMWN-YU2tzeImkO6A;2008-02-05;1A;M
jqF4b0ohNN8dq_xqUUMjBUgdx1Q3c6ReEI09LSRqPwA;2015-03-27;nan;F
58oF_H9LN8xn6ot80d57Fy7OYJFTvbdtfPzWBLvapZA;2006-11-17;2A;M
g0QBXRijENnlhpRK2R-N5gIWVRDbIicaztDGgIyM9Bk;2009-06-24;3B;M
1u1hi3OHQmklEbMQdpBREwgLbJQWFDRK326XF_-NfFQ;2016-02-02;nan;F
VKEWDA1A7kkdTKuuKR9WP2jePRmJgwW32qWvRRwnz7k;2007-05-27;1B/C;M
aoFajKKaqUbyoP9QfTQoDrEo_qNeMlAUQ5zTmTn3hSc;2015-07-05;nan;M
FM_3_g9DJ7IwU7sF12J2VaRivwoYcbA-pUR7tY2ypr0;2013-02-25;nan;M
KTGSd-iwS96G57Bz-mI0BhcE_1_gV8x1YT4xVxQlaYg;2013-09-30;nan;F
5-rZybJlCBiLi9xMT0D_wDc8wZphX96g7lOxQCi9Bqg;2016-12-16;nan;M
KvxcS16Ju-amsBLg9N_AJeDa2hrhmfI2pjar31IQW34;2013-01-19;nan;M
II8ZXqwfVXdRtiOa2TCy89fENgmoXT-IEtIwCT-Wrtw;2009-09-12;3A;M
qEBetcMrPuKHIloYY8JBB-Ob7AHI-htN64SA5shteBw;2011-11-14;6A;M
jVYqL3_x1KiRr20cVpiUyqXFkk5dsRNsS88eFrK8lnA;2017-03-15;nan;M
a2cb5C3sh5LyHOOato_PmhCWpbRBXPj3lmxGzFG-9eg;2013-12-30;nan;M
u0Qwuhv-pYhNw9T0x9oALkQgu_HpVke0S8JBJpEuNic;2007-02-16;1B/C;F
oVv_H6G_7TCbyJ6daDasunBLLWIvI5JFfHdbK5MuNSU;2008-09-29;2B;M
oWXawXIaqEnZJIrW1yJ1FrjL-UKdcp5DQonFyCXBkys;2018-11-23;nan;M
CdDSN7hiSWj7KMnZU-D_cC2orlig_s0TirU8cOn8FMI;2014-04-07;nan;M
wlmDsqOTqxcRSgLo1d0LwumgjUAJxnuC6YjEwF1rsk0;2015-09-21;nan;M
hJXlvcNlnnMa2yZ2V6bdgnWL-KBXg7p3xwuMXTHnMmM;2014-06-06;nan;F
CpQvR-KVaf87i12y9pNKDOzJJflBZ1TCHMC3vgNsUIg;2010-02-22;4B;F
zwf12jyJmeJnRQAFM-x-aujHf3yK9Ou3q5uIXEXGKpA;2012-04-10;6C;M
e4VbWbGuk_2K-whNoVEk10duiCsxK-YlqZc8imar_Z0;2013-02-07;nan;F
whzgTYMwWNLblIbyt6Ys3Hz7v8X_kFZEXyE66LjopuM;2015-07-10;nan;F
E_FSqV8cspE5efZPeU2f90oCVUoDjTKFnihlohPUc5M;2013-11-10;nan;F
-l37j9LGszZM4s0hqkhpGizyx6yXGIDC7sc9_gHieC0;2009-12-22;3A;M
0DfSEwZh4Y8ECT3qsHm4OD2S7658Uwj2fqX3OurVAV0;2012-07-06;6B;M
6cysh7_KaV6t8FSls4RPZ8APsS_QVYE8UvMXCZUsQs4;2008-10-06;nan;F
dr6zGAdn0urYbkhbHyWiBGyhnl8HSNuDltdl6XaUGr4;2010-02-08;4C;M
5lkXbcIIJApKiSddPZmqPgZiTbYUnXNrAxgBdrNQuIs;2014-10-31;nan;M
6Pbd7oxjZdFLB3wZNNmsG8gkSP2XhH23oNBDBLA5dE8;2006-03-28;Terminale;M
OBqWXID_6gXCg-qkqRd-KPCuuuh7La5TdolkHvp2F70;2009-12-08;3B;F
FBN6EGeamcjv7wFNtJht0qWIIzmX-hnV2QgBVnGVhPE;2008-03-14;2B;F
A_l4MJD3i8v9vlGk1GvAUW0wuOQX2CywHMGLwTHdWzM;2015-04-20;nan;F
kQVzmIHaf9fDXWA5-PbHytpoapRKuM6UOzdXNsgZfSo;2007-12-04;1B/C;M
Fu7w5M2QEnVsYdcOTqF99dPmRo-YGVwJDOekKtW_BAc;2007-11-26;2B;M
ETfl7evlvj0E7jqY-pMLlQk1GRq2IRtmTr7fW9Xy9lI;2017-10-12;nan;F
Xff1jqDliDAxc7fsjz4a9RPIJ92j8O2JTXcZml4kmEU;2011-11-17;5C;M
An5tktr8-gydpY4qM-IoLNUyFN1xCsQHuJKr8L-5nE4;2013-09-27;nan;M
DYJJjbzBTxMK1bv7nsHZeYYop_kkIucL2x-BDbF_ntk;2008-10-08;2C;M
J1wWBJIc6vmZjpU6ONqn0ls9Aei0yGjRAL_f41Zk9KQ;2018-10-17;nan;F
FRSZlgS4IOvQ3mdNeA7kyEHn6m1bBG3kYD1HAfPUjGA;2016-09-04;nan;F
cvhwwrJ7YNyWd6vVTa886ZGHPeadd72aotGUxO3P-0I;2008-07-22;2A;M
I0g9FsiZISAZogVFz7k2h4WvmG2_tNNshWd2GdR-iQs;2012-01-06;6A;M
QMSXYlPZubea3EiBa86bwVxIX9kQj0zX1XSATau4jiM;2007-10-29;1B/C;F
BqQWGohht09zImwjfqc_3kHmYQR4YTSJ2cVmGz1xIHQ;2008-12-10;2A;M
Y-n3cnKC9KSOYAbodsCLLBXspKrQvNCUDP8r6Z-0xQk;2011-06-06;5B;F
DBhZzjjKoAHCYqkYhYxx72oXkJ3IHKUhagBJnREviiM;2010-10-14;4B;M
IY9SLu3-xtrlIbMn0cISK7EHTLsePYGq1VYqdDay2C0;2014-08-04;nan;F
K0ZQwmIRRB-hfS1GlBe2r2zKL77MPwK3-ktGwC4yZKs;2013-09-23;nan;F
jzJgdHKN1bueaTGTykZcH62dl4Pb_XXslGF6Sdj8toM;2015-07-06;nan;M
QM9nVsPS03PngkDfwDzAOH9_C8DQc2ghjenuhMDJTWU;2016-02-10;nan;M
r4pwXFDoMb1Cy8CDdMs7rlv9ZJbuurAb7koDG5SD_fE;2013-02-11;nan;M
F0oi2oxI60MepM1njREtsihsXp_ypixPgj9JtXlhQlk;2008-02-19;2A;M
EW9Wk4B8_I8AeK-b02GJMcnGyRWMoXOxJpZh_EOOmkI;2011-12-04;5A;F
DYpGbjjVjx79At3flFAq4r54Tk2i4vSsQH5_N0kb1Rw;2007-07-25;1B/C;F
-76Ox6E3QPlYEeZC1FlqXjfy-inRpcssGvmJOrjq3pk;2009-09-10;3C;F
dS99cEPZdJ7rs3J805lUZq8nYZXS6adUa-UDZnVw3XM;2008-08-15;2A;F
uxkV8ckwh8DzQ10DAuWZDgcUr7sZdsNG4f-ai_v_wvg;2010-11-22;nan;M
FcrEY7cykjsgP5g19h7LpgYqcoowZH4lL2SEYzYZR_E;2018-10-23;nan;F
6g3cqG-wW1gNfSprVjMJ3x0KYyIb8PoH99kev-dsOhE;2011-09-12;5C;F
vQDQgu8xU5npft0V1pspy1NM5X_SjoQ12J8RKwjbJUQ;2010-07-11;nan;M
eweEfjsG04rD7ziONtw5wbnXdL-gPipAf9o4qg4Np-A;2015-07-07;nan;F
SDrata6mhqk9Qgak470L6AWgU6MJ4KDLZVk_6NEJwYg;2010-09-10;4B;F
ZzZvoyMYwrVbciTPVkzMLv0vxPOEcR5cgsfowxSs3WQ;2007-05-25;1A;M
1wZhYRc3BqNm1CzdfOwCFDuz4BIZOMmP7Ji6Fk3lvXM;2012-12-22;nan;M
FJkOPghUkFUxMzWWpIjgBrOozZfdTiqByOLJ3G7K7kQ;2014-12-20;nan;F
j58-PmodpprnCaAGjUu1-tkk2jW5CqTdeCLaYgyvtnA;2013-01-29;nan;M
xkfZC8M7V2xck6tJFMrDiyp_87Mm80smQwhClbFJdsQ;2007-12-07;1B/C;M
MaOKsI16BKobognFDU9bx29Ur1Gpj4vt-g_rGDmNkrY;2009-11-03;2C;M
PllJP6QqacXbzFavKiXFL8DiuTxNf9wSKAkmEPE-Gko;2009-05-15;2C;M
hwQN5f5Ts-VkVdpkpJ0UJ2kSbJ3MxkrnKBw2o_Qhm-g;2012-04-03;5C;M
JxcBe0qc_OJ8sM7HwzJs7iRd75h6EHdAJG7EFOlqWmk;2017-03-21;nan;F
xDDSHjWX6aeMi5JhCWcgk7i2ijFTdJ_4p5E0DNoI_2s;2014-01-06;nan;M
utPLMde5vIIS-xggFM1YKXPNkpEZZMfBEXvlbgpv0j0;2009-05-15;3A;M
jcP3ELktQ3nl90WgfmK-XgFHjsGUsXfVYA4S2NHJ1Xc;2009-11-24;3C;M
taNEk7CDt32WpfZuusIPgAO04GXEJ8IznYh28B8mAVY;2007-05-05;1B/C;M
DRvJbEBKMlb7iveF4U0UOwmW8mX6XbciE5MBwR-gKW4;2010-01-07;4A;F
osRq9D-3-bIyPNSAIcfyge_bCzM2oz9UtCCe64mB1ds;2007-03-09;1A;F
oSHXzw2GIi4XBcygPsIKugb7S7aIo1ri4XO2UP_bRXo;2006-08-21;Terminale;M
u5aqcItw1tIc_vFh2J_j3y3ogg5X_enSky9OALFL5Dg;2008-10-07;2B;F
77cHeE_kylTwAOgWVO7M9LXssQdOVaaiFfSvYf58Q7U;2008-11-27;2A;F
AO_D3RgWzhljKnQ3SActQBG8tsH0KpD-ayyGgGN07Cs;2014-02-18;nan;F
cJmf1-ED52_3acpoEBVHo3Fx9fKto2OxEY_z7ABK2Ic;2018-06-04;nan;F
ZVWX21mudy6_Z3coZ6kbJ1eSgpphs006jl8fZJPnmA8;2016-10-01;nan;M
LNQ8W44zxAo-Ac9RkTBafe-p_bGo_K3WwtIQCIeZmEE;2014-10-23;nan;M
GSGwN2HfYw5p4UWS37I0sZttZy03d7dnX6QukgeyUn8;2016-02-05;nan;F
x2E2PPws4bGwRUluGBZiee8FcbWWu6kIz05m0QmbLdY;2012-04-05;nan;M
rjuVnjSrPhmd3IdCOTnQADLuuZ7OSZYYxDfyRyrOFSM;2010-03-24;3B;F
rUlu9KTZhTbmonwiYlkSmE7xI0-0aJq2FKLqYE80HGU;2012-01-21;6C;M
7689lPaRquTH58PGOR5CgPsoOR7m_VyzTIVylP5huuE;2013-07-06;nan;F
SKWADw3ZDTt4N95AgyJS7u-dgb1gC6xks0a0IXLtAWM;2011-11-09;5C;F
dGqp9Isuzg85UUSqKuG2nuPwkCgedJCTtV5-GoLV2m0;2015-03-16;nan;F
yiZh_5QGR7gpU6E1kwiNtdLz9GuhFuEm1hULu3fptzY;2014-02-24;nan;M
ssFjGMOs5BDsWgqcv__KlRt68Bk0e0IovRqCzCQI_bM;2008-01-27;2A;F
3eq1lZCw1T_-HiV3qx5HiDzFS_jvnETvMjaDF7QpMR8;2012-01-07;6A;F
YNBmh-IbBDrjAAMa8OI0YINp2cZrPaFOkurShph2b8w;2008-08-20;2C;F
2qusmN-Q52_yFriAED4-fiQWhOOFgOju9xMwIBBRq7o;2012-01-24;6B;F
x-RhaHXRY6LN0RDu09Zumac75P85fYGy7jMF9s4UwoA;2008-10-13;2B;M
0LzJSRzLAkgcwFlxIoBdjAVypUO5_iMEzB_0GFdVdMY;2010-12-15;4B;F
IhWAoOOAx9i0ROY7HVO_bfl6C1LC_snxEdJFTUY1WMg;2012-06-14;6C;M
EZ8GI6KEbhj5-4OZ0LhPA00iEmILEFdvn14QXcThWT4;2014-05-26;nan;M
o66K6wuT0VS81ZX8_oFlhLedz_qIsTHViwkjj0SPS3s;2011-08-29;5C;M
DSv5AbWkOb1nqfn_3tur63oe0sh74mG_l7rKOpyUg7s;2016-09-07;nan;F
yqN5TdC8ciBhtWFLxxsTVHZIhtoQsYRoiFV54aOdhlI;2016-09-29;nan;F
nwtcWpNoPtmSUHK5I7g4BgHZrfkIGmFoBeGtBcLrJO4;2017-10-05;nan;M
0WygQjv0VTwsHjQtqhOlIOsEn1im5yIFvEd0zELsG7E;2015-05-22;nan;F
D7mWLBFt9--qOt9QSXk_9hJBbWFytA21N1H0DvRG1r0;2017-07-14;nan;M
KT4b7Uzob5pJEYNnqCvfeCRic4rEPEPTWFrb0kpwKw0;2012-10-09;6A;M
xsUkU3fltc1MdHExPJosXu1zUIQcyDEwZ7mN6RZ_BoM;2010-03-15;3B;F
f-JAnUKpEjoZvBT7uCnWHaOm3KTDTF7CyGAUJZYiqfI;2007-10-04;1A;F
B30RLAuR7EpyEFJaWiCeYqb76TB2sbdosHpJ18WdtjI;2012-06-06;6C;F
0s3jSuf4b9jpiyEiahxcP7axNjzh0Y1X86OD-OqpXPA;2010-08-15;4C;M
dKYZ9KXmx5Ef32hK11hp33iEPByvlKKFRI1z4wJR4do;2017-03-27;nan;F
eABFkYXbLomfyZZz07CeDtvdPoDXF3LiJa0j1wLQ_H0;2007-06-30;1A;M
GDDietQJISvCsR3bK7Hz_EofL5x2lA2XMV9zVe9YYqg;2008-01-02;1A;F
BLa3p_eiISSBdv6nJfXWXWoD72Q7YiK1uYJwjlJz9Jc;2007-11-19;1A;M
AsUuWNCp2d2evAU0HKDP4859uw_XwdpsK6XJ5Y2H9sY;2014-11-22;nan;F
6jEoT3pv-1HDslRgN2WVReag0gIH7DwUosAUbY7_QO0;2009-01-21;3A;M
9x18VLsZt_XDiXIA6FE28LY_FoNPhFr_8ePplgyLht8;2013-07-22;nan;M
9OJQdDVF08zIKyazCUDDCPSx6mFKDc1A5Mmy0ARqtyw;2010-05-14;4A;M
b_WWq_2PamPO_FUPUK6au9sumiXf-zinwo9L5nr53GA;2009-04-30;nan;M
yZvnIoewAgAADrRWMJchP7k4DSuO8-r3Ordv9HBp4zI;2009-02-07;3C;F
2GOQP4QBOXhn-w8FY3MBtM-PpwfhzPWKKc46TFacXWw;2012-09-26;6B;F
V2GiFCul42pl0PmgZgikbf-os7aUUX7UI9H-zLHs-Vc;2011-09-30;5A;M
uQQmAs-xfzzSi3t779ov5rn8Ab61IphxWYxNUI51K-I;2009-08-11;3B;F
3sSVrgiJGdgbJxCTz60LVpWBG3pPhXPRcyDt6sqrDxw;2007-04-15;nan;M
wIhfZ_WvGvMJnMHDzvYZu7eisydRHGzu3BeUAhjkpp4;2008-09-15;nan;M
Do1tqBCh--ZHI6DpqkBRUPVah0AdcfR-A2Nvp1Xb5Ys;2015-12-25;nan;M
AHHdt_ZnU2EZrFs1c6vriesSFI8GwBnPlh7YUYQbeJI;2008-03-11;2C;F
vYxrIIaYKGYhGliJIpOsVCBmmg7GUmDypzDmkEsTkFw;2012-04-30;nan;M
IV4vrB2AXHzvZuzNG-VBemYYgbeSn6Atfn3JHWm7urg;2007-09-07;1A;F
T9ula7fTWZtMFGxR6Vrznq4dtOAPVIa9MB5qDKRA9vo;2015-03-02;nan;M
WJgDTuwL0T-4OwjjlXyXhTdHxYUyCKi7_9OLgfOzt1w;2017-09-09;nan;F
dCqc3JW_nfeAXFM6epp2XfTQd_MIhKr9yySxuAx7MI4;2008-10-09;2A;F
wSyw5s6KdM4ay7kp44Gd-sswqn72jMHnYT19xwiEvp0;2010-02-24;4A;M
Le-08H1cTc1iW9jCS0wNnVpfaUiq1JVaFPkuu-0vbPA;2012-04-23;6B;M
16YEqNkBiNkFAEWl7nNojK2nqAvn0YKJZw4kN2QlSuI;2009-02-28;3A;F
D-H5a7Qp9mw-1fNMLUSnF6gBBuMEndddzmZ7asqOU10;2006-06-25;Terminale;F
JOKnLfYAzid07orDb2HYjghsTJ1seZLa7jMUe4PHmnM;2012-05-05;nan;M
0KHTJItmdfLGFbgTsSEp4Av7IwjIaLlQycaDrCIkHns;2012-08-16;6C;F
az1kqS5_WbklauIId1x0ZuWzBdjAaPfCtXWZ_iAjhq0;2013-10-28;nan;F
D-HnWq73AlwlZQL3gNvj_gF6dNzvlOwjdqgbuHLF1Ww;2012-02-15;5A;F
tB1WoF74Td9BuewhaaNQ6bqQTiU2q5QMuK-wBAgEb_0;2017-05-04;nan;M
lvjAc8p_kBO189kNhSnH48OdXyXI7nmGYIJ745uhRyU;2007-07-26;1B/C;M
1JMGMHj9u5ty0mfMr-cm694e6Gethh9wuZXJpuh3ewA;2012-08-23;6C;F
G4BiS5VvQ9WiNOvxFao9ypZmuZV20NLRpJJOzSrJQJ0;2010-06-23;nan;M
QaemgEUy2vgaHoOvItHs33dUPEi5gMTb_MNMcKfDY_U;2016-09-08;nan;F
GrWlHNcc-SXgXAIjrlQdGdQih2VOSEjE-E6r_yqDnXw;2010-07-31;4C;F
rHVkvMiOtkaavMdrPkPH797QNLDDlhOYWYG_ttmwcuo;2013-04-04;nan;M
Tr9Y-2Hov4Zs1K_HKFADyV6CJqcTqG1jlW3ZJuE_S4Y;2016-01-26;nan;F
HbfSqhVu_zM5b06WkcPuHGXMvzaF651XmBI_1kyCKKc;2014-10-18;nan;F
53h5czvm_eRrOsyHhynUg0si2FOz9m3MIylFqYi1PO4;2009-09-18;3C;F
piTjDzFhdq7TF3uc8GFpc0l7HGWEp9Cw1STqtUAdy4c;2008-02-27;2C;M
mpxiJjtATzCIPkIGHqFIni8n8EBzwVjbLQctYN-iSqI;2017-01-12;nan;M
vhJ4ocOYf5DArnBM8fJwAUtQNEpx4e62TrcORGJ72jY;2013-05-20;nan;F
cuISFgmg4GZvz368mzW2OlRi9wPLxtQxzBk8PYYF4rc;2011-11-11;5A;M
VIWlqyKKg-Kt6Li3O1OOBi4VIr0hKvZSFYJs9dZfXXM;2007-07-13;1B/C;M
xA896d0e-bL8Jd9jWmmom8KaYtGJIoDNCAO4C-gFlfU;2010-01-27;4C;F
JuL-V_MNPlHxqX6_y9n9PbWEy2gSgPvzTO2C7gsif40;2012-09-06;6C;F
SwLsoT5olRyjHTxXFMRoBoH2qJNiSDtj21pfWis_oUw;2012-09-06;6B;M
ey_V6tZf6zWxdFGCrPfUvWJqySfhq--NkCLuuW7FTC8;2013-02-23;nan;M
uVu5Jv-y2anDkjh-kTm6d9VivmuTVOnpfK5xTr0GQSQ;2012-01-21;6C;M
YmmMsIgLkgh7QaB8nYAn8okf83868cMDGDp6rWz2nzc;2010-12-16;4B;M
P2_67ZQgGTKJkUF1ie-4F2dklYxngRCLrrLBXY5xps4;2011-02-21;4C;M
g2kfN_2hqdmtCmf1vcLeWpXpo3Vn77nX9i_khI_7haQ;2011-06-20;5C;M
uUaQxu4F6wnSSqh3U_3MD25buuPNBpimUtK9CVSCO5w;2012-11-03;6A;M
f65zTot84WJ2vIsRcDt_NldMNd44TsYn_LesggsRDU4;2011-12-01;5C;M
-YFmqgZVsV2oUpgKhxn0cE4yjWFy3gbRBTnDCuWC4Yg;2012-12-12;6B;M
Snyv0ZAjku28cOyPqfMpSqd2me5RfHlcW4dIOtbbHDk;2011-05-19;5B;M
co8N6VwfpHJ2sd3L1gBdROgckHxbqa2NklCUf2dPIxA;2013-09-21;nan;M
FoXx4vwjpX6GqgT1APBVqD7hPRW4XyrgLwG7Rr5-DJY;2012-05-25;6C;M
tV-DiOlojq4oXspToXr4YMkXvQRCsyyEE5xHXlUBSwo;2017-08-25;nan;F
TBp1ADI76uiZndTTPXkN-9Wud2X5D0Rd2mBCKz4nVO8;2012-06-28;nan;M
